Age,Gender,Hydration_Level,Oil_Level,Sensitivity,Humidity,Temperature,Skin_Type
36,Male,Low,Low,High,31.9,10.1,Dry
36,Female,High,Low,High,30.1,20.5,Combination
34,Female,High,Medium,Low,53.0,19.5,Normal
51,Male,Medium,High,Low,57.3,22.7,Oily
36,Male,High,Medium,Medium,64.4,24.0,Normal
42,Female,High,Medium,Low,40.4,15.6,Normal
27,Female,Low,High,Medium,57.8,21.6,Oily
54,Female,Low,Low,High,33.9,16.7,Dry
38,Male,Medium,High,High,63.3,16.3,Combination
48,Male,Medium,Medium,Low,42.7,15.9,Normal
27,Male,Low,Medium,Low,62.4,30.3,Combination
27,Female,Medium,Medium,Medium,49.0,16.2,Normal
58,Female,Medium,Medium,Low,46.0,21.5,Normal
21,Male,Medium,High,Medium,62.3,24.0,Oily
46,Male,Medium,High,High,49.3,20.3,Combination
45,Female,High,Medium,High,44.1,22.4,Combination
39,Male,Medium,High,Low,49.6,23.0,Oily
46,Female,Low,High,High,63.8,12.9,Combination
43,Male,Low,Low,High,44.5,16.6,Dry
43,Female,Low,Low,High,35.2,17.7,Dry
55,Female,Medium,High,Low,72.2,26.4,Oily
41,Female,Low,Low,High,24.1,13.7,Dry
33,Female,Low,Low,High,34.8,19.4,Dry
41,Male,Medium,Medium,Low,36.2,19.2,Normal
55,Female,Low,Low,High,43.3,11.7,Dry
52,Female,Medium,Medium,Low,23.0,28.0,Combination
27,Female,High,Medium,Low,62.8,23.5,Normal
40,Female,Medium,High,Low,69.9,26.5,Oily
38,Male,Low,High,Low,75.0,20.1,Oily
32,Female,Medium,Low,High,55.4,26.2,Combination
25,Female,Low,High,Low,70.8,21.0,Oily
52,Female,Medium,High,Medium,74.0,23.5,Oily
32,Male,Low,High,Medium,72.5,21.5,Oily
41,Male,Medium,High,Medium,52.8,24.4,Oily
18,Female,Medium,Medium,Medium,47.3,22.9,Normal
41,Male,Medium,Medium,Medium,72.9,25.5,Combination
39,Female,Low,Low,High,34.9,10.3,Dry
38,Female,Medium,Medium,Low,49.1,23.9,Normal
25,Male,High,Medium,Low,46.5,19.1,Normal
53,Male,Low,High,High,35.1,33.4,Combination
47,Male,High,High,High,37.4,30.1,Combination
30,Male,Low,Low,High,30.7,18.8,Dry
52,Female,Low,Medium,Low,40.4,24.1,Combination
30,Male,Low,High,Low,46.3,23.3,Oily
31,Female,Low,Low,High,25.2,17.9,Dry
41,Female,Medium,High,Medium,79.7,28.1,Oily
49,Male,Low,High,Low,63.8,29.9,Oily
41,Male,Medium,High,Low,66.0,25.4,Oily
42,Female,Medium,High,High,55.7,19.2,Combination
52,Male,Low,Low,High,30.6,15.9,Dry
59,Male,Low,Low,High,20.4,11.0,Dry
42,Female,High,Medium,High,74.5,14.5,Combination
44,Female,Medium,Medium,Low,45.3,16.7,Normal
18,Female,High,Medium,High,45.3,17.7,Combination
54,Female,Low,High,Medium,71.7,23.8,Oily
29,Female,Low,Low,High,26.0,10.0,Dry
19,Male,High,Medium,Medium,39.1,23.2,Normal
37,Male,Low,Low,High,32.8,18.2,Dry
22,Female,Medium,Medium,Medium,52.9,15.2,Normal
26,Male,High,Medium,High,46.5,10.2,Combination
18,Male,Medium,Medium,Medium,46.8,19.9,Normal
55,Male,Medium,High,Medium,47.1,24.2,Oily
54,Male,Low,Low,High,34.7,18.8,Dry
37,Female,High,Medium,Low,35.9,20.1,Normal
21,Male,Low,Low,High,25.1,12.7,Dry
54,Female,Low,Low,High,41.4,17.9,Dry
52,Male,Low,High,Low,52.8,24.5,Oily
26,Male,Low,Low,High,35.1,11.8,Dry
31,Female,Low,Low,Low,52.9,25.1,Combination
35,Female,Medium,Medium,Medium,61.1,22.8,Normal
22,Female,Medium,Medium,Low,61.7,20.1,Normal
22,Female,High,High,Medium,30.9,29.8,Combination
35,Male,Medium,Medium,Low,43.0,22.0,Normal
42,Male,Medium,Medium,Medium,50.9,16.7,Normal
35,Male,Medium,High,Medium,75.8,25.2,Oily
31,Female,High,High,Low,69.7,23.7,Combination
44,Female,Low,Low,High,20.1,13.1,Dry
57,Female,Medium,High,Medium,50.5,20.6,Oily
57,Female,Medium,Low,High,37.3,14.9,Combination
21,Female,Low,Low,High,23.4,16.3,Dry
43,Female,Medium,High,High,51.1,23.7,Combination
49,Male,Low,High,Medium,63.3,29.8,Oily
37,Female,High,Medium,Low,55.1,19.6,Normal
42,Male,Low,Low,High,27.2,10.4,Dry
32,Female,Low,Low,High,34.4,16.4,Dry
43,Female,High,Medium,Medium,55.1,23.1,Normal
18,Male,Low,Low,High,21.6,14.1,Dry
26,Male,Low,High,Low,33.7,20.4,Combination
45,Female,High,Low,Medium,44.4,32.7,Combination
19,Male,Low,Low,High,24.7,10.9,Dry
52,Female,Low,Low,High,32.6,17.6,Dry
42,Male,Low,Low,High,43.9,19.4,Dry
35,Female,High,High,High,33.4,30.9,Combination
35,Male,High,Low,Low,27.6,22.4,Combination
40,Female,Low,Low,High,24.1,16.5,Dry
35,Female,Low,Low,High,29.2,19.4,Dry
37,Male,Medium,High,Medium,45.1,28.9,Oily
55,Female,Medium,Medium,Medium,36.8,20.1,Normal
50,Female,Low,Low,High,32.9,19.5,Dry
40,Male,Low,Low,High,30.0,16.8,Dry
30,Male,Low,High,Low,73.7,22.0,Oily
55,Female,Low,High,Low,62.1,25.1,Oily
52,Male,Low,Medium,Low,57.0,26.4,Combination
53,Female,High,Medium,Medium,45.0,18.1,Normal
25,Male,High,Low,Medium,36.7,26.1,Combination
53,Male,Low,High,Medium,46.7,22.2,Oily
34,Female,Medium,High,Medium,68.0,28.0,Oily
50,Male,Low,Low,High,52.3,29.3,Combination
39,Male,Low,High,Low,56.0,27.8,Oily
51,Male,Medium,High,Low,49.5,29.5,Oily
21,Female,Medium,High,Low,45.1,25.5,Oily
48,Female,Medium,Medium,Medium,61.0,18.9,Normal
47,Male,High,Medium,Low,40.0,24.0,Normal
38,Female,Low,Low,High,37.3,13.4,Dry
28,Male,Medium,High,Low,65.3,26.1,Oily
45,Female,High,Low,Low,78.1,32.0,Combination
21,Female,High,Medium,Low,35.2,24.3,Normal
31,Female,Low,High,Low,67.0,21.0,Oily
47,Female,Medium,Medium,Medium,71.0,30.0,Combination
57,Male,Low,Low,High,36.8,13.6,Dry
59,Male,Low,Low,High,42.3,11.4,Dry
31,Female,High,Medium,Medium,52.8,22.8,Normal
57,Male,Medium,Medium,Medium,43.7,24.6,Normal
59,Male,Medium,Medium,High,57.5,26.0,Combination
47,Male,Low,Medium,High,55.0,32.6,Combination
58,Female,Low,Low,High,30.7,13.3,Dry
52,Male,High,Low,High,39.7,30.1,Combination
23,Female,Medium,High,Medium,54.4,23.5,Oily
47,Female,High,Medium,Medium,48.2,23.6,Normal
49,Female,Medium,Low,High,78.5,27.5,Combination
31,Female,Low,Low,High,37.5,12.2,Dry
50,Male,Low,Low,High,26.9,12.7,Dry
50,Female,Low,High,Medium,77.9,29.0,Oily
55,Female,Low,High,Medium,54.0,21.8,Oily
38,Female,Low,High,Low,54.5,27.7,Oily
29,Male,High,Medium,Medium,46.3,17.2,Normal
33,Male,Low,Low,High,38.7,18.8,Dry
49,Female,Low,Low,High,34.5,18.8,Dry
38,Male,Low,Low,High,25.9,15.1,Dry
55,Female,Low,Low,High,34.8,18.3,Dry
47,Male,Medium,Medium,Low,51.6,19.4,Normal
59,Female,High,Medium,High,41.5,30.4,Combination
32,Male,Low,Low,High,24.2,10.0,Dry
35,Female,Low,High,Medium,47.9,24.4,Oily
27,Female,Low,Low,High,29.1,18.9,Dry
28,Male,Medium,High,Low,63.9,30.0,Oily
38,Male,Medium,High,Low,77.3,20.4,Oily
53,Female,Medium,Medium,Medium,46.4,15.7,Normal
36,Male,Low,Low,Medium,60.7,18.0,Combination
49,Female,High,Low,Medium,67.1,17.0,Combination
49,Female,Low,Low,High,27.6,10.9,Dry
55,Male,Medium,High,Low,57.8,29.8,Oily
26,Male,Low,High,Medium,76.0,26.0,Oily
58,Male,Medium,Medium,Medium,63.9,18.2,Normal
19,Male,High,Low,High,30.9,14.8,Combination
59,Male,High,Medium,High,63.5,27.3,Combination
48,Female,Medium,High,Low,75.8,22.9,Oily
21,Female,Low,Low,High,41.8,16.6,Dry
57,Female,Low,High,Low,71.2,24.1,Oily
31,Female,Low,Low,High,37.7,10.4,Dry
43,Male,Low,High,Medium,76.9,29.2,Oily
52,Female,Low,High,Medium,57.6,28.2,Oily
22,Male,High,Low,High,42.8,18.4,Combination
47,Male,Medium,Medium,Low,51.4,18.3,Normal
19,Female,Low,Low,High,28.8,16.7,Dry
44,Male,Medium,Medium,Medium,47.4,24.8,Normal
24,Male,Low,Low,High,44.2,14.9,Dry
54,Male,Medium,Medium,Medium,60.8,16.7,Normal
57,Female,High,Low,High,57.5,32.8,Combination
34,Female,Low,Low,High,31.7,10.6,Dry
45,Male,High,Medium,Low,42.2,18.5,Normal
29,Female,Medium,High,Low,67.4,25.1,Oily
22,Male,Low,Low,High,26.6,13.0,Dry
20,Female,Low,Low,High,40.8,18.3,Dry
37,Male,Medium,Medium,Medium,30.2,28.9,Combination
26,Female,Medium,Medium,Medium,48.7,17.5,Normal
22,Female,Low,High,Low,53.6,25.0,Oily
34,Male,Medium,Medium,Medium,45.5,18.5,Normal
33,Male,Low,High,Low,52.7,28.6,Oily
41,Female,Low,Low,High,39.3,19.6,Dry
34,Female,Medium,Medium,Medium,46.1,15.8,Normal
33,Male,Medium,High,Medium,72.9,26.9,Oily
30,Female,Low,Low,High,25.6,17.9,Dry
38,Male,High,Medium,Low,55.3,15.0,Normal
24,Female,Medium,High,Low,62.3,26.2,Oily
26,Male,Low,High,Medium,64.0,28.6,Oily
27,Female,Low,Low,High,27.4,10.0,Dry
48,Male,Low,Low,High,20.7,12.4,Dry
57,Female,High,Medium,Medium,64.2,18.9,Normal
52,Male,High,Medium,Medium,44.7,20.7,Normal
32,Female,Low,High,Low,56.0,24.1,Oily
44,Male,Low,Low,High,26.5,34.7,Combination
21,Female,High,Medium,Medium,46.4,17.2,Normal
58,Female,Low,Medium,High,24.6,23.8,Combination
19,Female,High,Low,Low,21.5,17.6,Combination
40,Male,High,Medium,High,58.4,25.6,Combination
22,Male,Medium,Medium,Low,42.8,24.9,Normal
39,Male,Low,High,Medium,45.5,27.3,Oily
36,Male,Low,High,Medium,57.6,29.3,Oily
49,Male,Low,Low,High,35.1,11.7,Dry
49,Male,Low,Low,High,42.8,10.5,Dry
34,Female,Low,High,Low,48.7,27.0,Oily
40,Male,Medium,Low,High,31.5,14.5,Combination
49,Female,Low,High,Medium,68.3,26.9,Oily
52,Female,High,High,Medium,33.9,31.2,Combination
41,Female,Medium,High,High,26.7,34.5,Combination
51,Female,High,Medium,Low,50.2,21.6,Normal
56,Male,Medium,Medium,Medium,56.4,24.8,Normal
19,Female,Medium,Medium,Medium,45.4,18.9,Normal
39,Female,High,Low,Low,75.8,24.5,Combination
34,Male,Low,Low,High,42.5,11.8,Dry
40,Female,High,Low,Low,50.5,12.7,Combination
46,Female,Medium,High,Low,37.4,32.4,Combination
51,Male,Low,Low,Low,38.3,15.8,Combination
32,Male,Low,High,Medium,58.2,23.7,Oily
57,Male,Low,Low,High,21.2,19.6,Dry
52,Female,Medium,Medium,Medium,41.4,20.2,Normal
34,Female,Low,Medium,High,62.7,17.6,Combination
50,Male,Low,High,High,45.3,11.5,Combination
27,Male,Medium,Medium,Medium,57.9,17.0,Normal
45,Male,Low,High,Medium,51.1,22.1,Oily
20,Female,Medium,Low,Low,50.7,10.9,Combination
51,Female,Medium,High,Low,57.8,22.8,Oily
40,Female,Medium,Medium,Low,58.7,15.1,Normal
56,Male,Low,Low,High,26.8,15.9,Dry
32,Male,Low,Low,High,22.0,17.7,Dry
25,Female,High,High,Medium,74.2,27.8,Combination
57,Female,High,Low,High,63.3,20.5,Combination
26,Male,Low,Low,High,35.6,14.5,Dry
54,Male,Medium,High,Medium,22.7,24.1,Combination
28,Male,Low,Low,High,29.8,13.1,Dry
52,Male,Medium,Low,High,58.9,21.2,Combination
30,Male,Low,Low,High,24.1,18.9,Dry
50,Male,Medium,Medium,Low,62.9,15.9,Normal
52,Male,Low,Low,High,34.9,11.6,Dry
21,Male,High,Low,Medium,59.8,29.9,Combination
41,Female,Medium,Medium,Low,59.2,22.2,Normal
46,Female,Low,High,Medium,57.4,24.9,Oily
52,Female,High,Medium,Medium,42.9,17.6,Normal
42,Male,Low,High,Low,69.1,27.4,Oily
46,Female,Medium,High,Medium,63.6,24.2,Oily
33,Female,Low,Low,High,29.0,13.9,Dry
18,Male,Low,High,Medium,55.7,25.9,Oily
25,Male,Low,High,Low,50.2,26.9,Oily
56,Male,High,Medium,Medium,55.8,20.2,Normal
32,Male,Low,High,Medium,30.5,14.0,Combination
54,Female,Medium,High,Medium,62.2,25.0,Oily
37,Female,Low,Low,High,28.8,16.6,Dry
50,Female,Low,High,Medium,71.1,26.9,Oily
35,Male,Medium,Medium,Medium,41.3,20.9,Normal
49,Female,Medium,Medium,Low,61.5,17.5,Normal
44,Male,High,High,Medium,49.9,23.7,Combination
40,Female,High,Medium,Medium,51.8,19.7,Normal
24,Male,Low,Medium,Medium,38.0,30.2,Combination
45,Female,High,Medium,Medium,35.1,17.2,Normal
27,Female,High,Medium,Medium,57.6,22.0,Normal
32,Female,Low,High,Medium,64.5,24.7,Oily
54,Female,Low,High,Low,50.6,21.3,Oily
30,Female,Low,Low,High,43.0,19.2,Dry
39,Female,Medium,Medium,Low,49.1,16.7,Normal
18,Male,High,Low,High,26.9,11.4,Combination
19,Male,Low,Low,High,43.0,15.8,Dry
24,Female,Low,High,Medium,24.3,18.7,Combination
50,Female,Low,Low,High,41.4,16.6,Dry
55,Male,Medium,Medium,Low,47.8,16.4,Normal
41,Male,Low,Low,High,31.8,11.3,Dry
59,Female,Low,Medium,Medium,53.5,13.9,Combination
58,Female,Medium,Low,Medium,21.9,27.4,Combination
37,Female,Medium,Medium,High,44.5,28.4,Combination
51,Female,High,Medium,Low,48.5,16.0,Normal
46,Male,High,Medium,Medium,42.0,19.2,Normal
24,Male,Low,Low,High,44.1,11.8,Dry
56,Male,High,Medium,High,42.5,29.5,Combination
40,Female,Low,Low,High,24.3,14.7,Dry
28,Female,Low,Low,High,20.3,11.3,Dry
46,Male,Low,Low,High,43.1,12.4,Dry
20,Male,Low,High,Medium,45.4,29.8,Oily
43,Female,Medium,Medium,Medium,31.7,11.7,Combination
24,Male,High,Medium,Medium,59.4,16.3,Normal
47,Male,Low,High,High,26.1,33.0,Combination
51,Female,Low,Low,High,29.3,13.2,Dry
52,Female,Medium,Medium,Medium,49.6,19.3,Normal
30,Male,Low,High,Medium,68.1,27.3,Oily
33,Female,Medium,Medium,Low,47.0,23.1,Normal
39,Male,High,Medium,Medium,40.8,16.2,Normal
48,Male,High,Low,Medium,79.3,25.0,Combination
42,Male,Low,High,Low,41.0,21.1,Combination
42,Male,Low,Low,High,32.1,18.9,Dry
32,Female,Medium,Medium,Low,53.2,28.0,Combination
41,Male,Medium,High,High,41.7,31.9,Combination
49,Male,High,Medium,Low,55.2,17.8,Normal
39,Female,Low,Low,High,42.2,15.4,Dry
26,Male,High,Medium,Medium,59.4,18.7,Normal
35,Male,Low,Low,High,29.4,20.0,Dry
18,Male,Low,High,Low,58.2,29.8,Oily
42,Male,Low,Medium,Medium,21.6,29.0,Combination
31,Female,Low,Medium,High,41.5,29.0,Combination
23,Male,Low,Low,High,38.8,11.2,Dry
37,Female,Low,Low,High,33.8,13.1,Dry
48,Female,Low,Medium,Medium,52.8,16.9,Combination
22,Male,Low,High,Low,61.4,29.5,Oily
26,Male,Medium,Low,High,51.1,32.8,Combination
28,Male,Low,Low,High,27.1,19.4,Dry
21,Male,Medium,Medium,Medium,52.7,21.3,Normal
19,Female,Low,High,Low,60.0,27.0,Oily
50,Male,Low,Low,High,23.4,11.0,Dry
46,Male,Medium,Medium,Low,50.6,16.0,Normal
33,Male,High,Medium,Medium,39.4,16.3,Normal
48,Male,Low,High,Medium,48.6,24.0,Oily
20,Male,High,Low,Low,50.6,11.1,Combination
47,Male,Medium,Medium,Low,58.6,22.6,Normal
51,Female,Low,Low,High,33.8,10.5,Dry
22,Male,High,Medium,Low,52.7,18.1,Normal
49,Male,Low,High,Medium,77.7,27.2,Oily
37,Female,High,Medium,Medium,53.8,24.4,Normal
48,Male,Low,High,Low,57.0,21.4,Oily
43,Male,Low,Low,High,21.8,13.9,Dry
43,Female,Low,Low,High,40.9,14.7,Dry
24,Female,Low,Low,High,24.8,12.8,Dry
24,Female,Low,Low,High,33.8,18.4,Dry
52,Male,Medium,High,Medium,36.0,24.2,Combination
45,Male,Low,Low,High,31.1,12.8,Dry
54,Female,High,Low,Medium,30.3,28.5,Combination
40,Female,Low,High,Low,78.1,33.3,Combination
45,Female,Low,High,Low,78.6,26.4,Oily
35,Male,Low,High,Medium,54.8,22.5,Oily
52,Female,Low,Low,High,21.0,13.9,Dry
53,Female,Low,High,Medium,59.6,24.8,Oily
59,Female,Low,Low,High,35.4,12.8,Dry
34,Female,Low,High,Medium,57.7,28.6,Oily
51,Female,Low,Low,High,21.8,34.7,Combination
20,Female,Low,High,Medium,56.6,25.2,Oily
21,Male,Low,Low,High,38.9,12.5,Dry
39,Female,Low,High,Medium,52.9,27.9,Oily
22,Female,Low,High,High,58.1,10.4,Combination
18,Male,Low,Low,High,37.6,16.4,Dry
42,Male,High,High,High,52.5,11.6,Combination
55,Female,High,High,Low,71.8,34.9,Combination
25,Male,High,Medium,Medium,52.3,24.4,Normal
41,Male,Low,Low,High,34.3,13.2,Dry
27,Female,Medium,Medium,Low,49.8,21.8,Normal
20,Female,Medium,Medium,High,38.9,24.6,Combination
25,Female,Low,Low,High,38.4,12.3,Dry
42,Female,Low,High,Low,76.0,29.5,Oily
40,Female,Medium,High,Low,64.6,29.4,Oily
48,Male,Low,Low,High,23.3,12.4,Dry
33,Male,Low,Low,Low,48.6,21.0,Combination
52,Female,Low,Low,High,31.2,11.2,Dry
50,Female,Low,Low,High,20.4,12.2,Dry
19,Male,Low,High,Low,62.2,21.2,Oily
49,Female,Low,Medium,Medium,57.7,19.8,Combination
48,Male,High,High,High,63.8,26.7,Combination
37,Male,High,Medium,Medium,64.1,24.1,Normal
47,Female,Low,Low,High,33.3,15.7,Dry
21,Female,Medium,Low,High,20.3,32.8,Combination
30,Male,Medium,High,Low,75.0,20.2,Oily
23,Female,Low,Low,High,42.2,13.7,Dry
31,Female,Low,Low,High,43.0,13.2,Dry
55,Female,Medium,Medium,Low,41.2,16.1,Normal
38,Male,Medium,Medium,Medium,60.3,18.4,Normal
22,Male,Medium,Low,Medium,72.3,26.6,Combination
40,Female,Low,Medium,Medium,31.7,18.7,Combination
44,Male,Medium,High,Low,71.8,23.5,Oily
23,Female,High,Low,High,52.0,28.4,Combination
30,Male,Low,High,Low,60.1,22.6,Oily
30,Male,Medium,Low,Medium,54.4,18.5,Combination
46,Male,Low,Low,High,34.4,18.5,Dry
25,Male,Medium,Medium,High,36.9,21.4,Combination
46,Male,High,Medium,Low,64.3,20.0,Normal
47,Male,Low,High,Low,44.4,24.1,Combination
43,Male,Low,Low,High,29.8,16.7,Dry
26,Female,Low,Low,High,26.9,17.3,Dry
35,Female,Low,Medium,High,45.0,27.4,Combination
22,Male,Low,Low,High,22.7,10.6,Dry
47,Female,Low,Low,High,35.6,18.8,Dry
32,Female,Low,Low,High,34.0,14.6,Dry
45,Female,High,Medium,High,65.0,29.9,Combination
51,Male,Low,Low,High,22.2,15.2,Dry
41,Male,Low,Low,High,23.4,16.1,Dry
58,Female,High,Medium,Low,39.3,17.8,Normal
38,Male,High,Medium,Medium,53.5,16.4,Normal
30,Female,Low,High,Medium,46.8,25.1,Oily
57,Male,Low,Low,High,62.9,27.2,Combination
57,Male,Low,Low,High,38.1,17.7,Dry
30,Male,Medium,Medium,Low,51.4,23.5,Normal
25,Male,Low,High,Low,66.3,29.6,Oily
23,Female,Low,High,Low,76.4,21.8,Oily
50,Male,Medium,Medium,Medium,48.7,21.8,Normal
52,Male,Medium,High,Low,58.8,25.3,Oily
52,Male,Low,Low,High,43.2,10.0,Dry
25,Male,Low,Low,High,23.0,19.8,Dry
56,Female,Low,Low,High,40.7,12.0,Dry
53,Male,High,Low,Low,38.4,26.6,Combination
43,Female,Medium,High,Medium,61.9,24.6,Oily
29,Female,Medium,High,Medium,70.1,26.7,Oily
45,Female,Medium,High,Medium,48.0,24.6,Oily
41,Female,High,Medium,Low,43.1,20.3,Normal
53,Male,Low,Low,High,20.7,16.3,Dry
34,Male,Medium,High,Low,33.4,25.9,Combination
22,Male,Medium,High,Low,47.3,27.5,Oily
50,Male,Medium,High,Medium,69.4,22.8,Oily
53,Male,Low,High,High,59.0,10.7,Combination
26,Male,Medium,High,Medium,71.5,26.9,Oily
33,Female,Medium,High,Medium,48.2,27.4,Oily
18,Male,High,High,Medium,71.2,17.7,Combination
47,Male,Medium,Medium,Low,45.8,16.0,Normal
46,Male,Low,Low,High,40.4,16.9,Dry
51,Female,High,High,High,79.6,10.0,Combination
49,Male,Medium,Medium,Medium,48.6,17.3,Normal
37,Female,High,Medium,Medium,38.4,17.8,Normal
39,Female,Medium,High,Low,69.3,21.5,Oily
43,Male,Medium,High,Medium,54.8,29.3,Oily
33,Male,Low,Low,High,36.2,18.5,Dry
37,Male,Medium,High,Medium,77.0,22.4,Oily
58,Female,Low,High,Medium,68.6,17.0,Combination
43,Female,High,Medium,Medium,42.5,22.4,Normal
25,Female,Medium,Low,Medium,67.3,17.9,Combination
59,Male,High,Low,High,22.4,13.3,Combination
53,Male,High,Medium,High,78.7,24.9,Combination
18,Female,Low,Low,High,34.7,11.5,Dry
22,Female,Medium,High,Low,77.3,24.6,Oily
39,Male,High,Low,Medium,68.1,22.0,Combination
35,Female,Medium,Medium,Low,45.4,19.4,Normal
49,Male,Low,High,Low,71.9,29.2,Oily
37,Female,High,Medium,Medium,39.3,16.3,Normal
37,Male,Low,Low,High,20.5,19.3,Dry
27,Male,Medium,Medium,Medium,53.7,20.4,Normal
58,Female,High,Medium,Low,47.2,23.3,Normal
33,Male,Medium,Medium,Medium,52.8,23.1,Normal
53,Female,High,Medium,Low,45.3,23.3,Normal
29,Female,Medium,High,Medium,79.3,15.9,Combination
36,Male,Low,Low,High,30.1,10.2,Dry
45,Male,Medium,Medium,Low,61.9,18.9,Normal
54,Male,Low,High,Low,51.0,20.3,Oily
28,Female,Low,Low,High,25.4,17.8,Dry
54,Female,Low,Low,High,34.3,17.9,Dry
40,Male,High,Medium,Medium,49.9,20.2,Normal
58,Female,Medium,High,Low,50.9,24.0,Oily
53,Female,High,Medium,High,61.6,14.0,Combination
41,Female,Low,Low,High,29.1,19.2,Dry
27,Female,Low,Medium,Low,41.7,34.7,Combination
50,Male,Low,Medium,Medium,51.0,22.7,Combination
31,Male,High,Medium,Low,65.0,23.2,Normal
57,Male,Medium,High,Medium,58.7,21.7,Oily
55,Female,High,Medium,Low,46.3,17.8,Normal
45,Female,Medium,High,Medium,54.0,25.5,Oily
38,Female,Medium,High,Low,62.6,27.9,Oily
23,Female,Medium,Medium,Low,53.3,20.5,Normal
39,Female,Medium,High,Low,54.6,28.7,Oily
48,Male,High,Medium,Medium,48.7,15.0,Normal
28,Female,Medium,Low,Medium,45.6,21.6,Combination
55,Female,Medium,Medium,Medium,56.1,21.6,Normal
32,Female,Medium,High,High,50.0,23.9,Combination
38,Female,High,Medium,Medium,55.6,22.9,Normal
33,Female,Low,Low,High,43.6,17.2,Dry
38,Male,Low,Low,High,37.2,18.5,Dry
54,Male,Medium,Low,Medium,36.7,10.6,Combination
38,Male,Low,Low,High,34.2,16.3,Dry
59,Male,Low,Low,High,35.3,19.8,Dry
36,Female,Low,Low,Low,57.9,12.2,Combination
39,Male,High,Low,Medium,61.2,18.8,Combination
29,Female,High,High,Low,38.0,32.2,Combination
38,Female,Medium,High,Low,61.0,23.3,Oily
32,Female,Medium,Medium,Low,53.6,20.2,Normal
24,Male,Medium,Low,Low,40.8,20.4,Combination
44,Female,Low,Low,Low,75.4,34.5,Combination
34,Female,High,High,High,30.4,32.3,Combination
53,Female,Low,High,Medium,79.0,25.7,Oily
52,Male,Low,Medium,Low,62.4,27.9,Combination
41,Male,Medium,High,Medium,53.9,20.4,Oily
38,Female,Medium,Low,Low,37.4,26.7,Combination
35,Female,Medium,High,Medium,75.3,27.0,Oily
37,Female,Low,High,Low,71.2,27.4,Oily
37,Male,High,Medium,Low,42.0,22.5,Normal
26,Female,Low,Low,High,28.9,17.0,Dry
52,Male,High,Medium,High,35.9,32.3,Combination
51,Female,Medium,High,Low,45.2,20.0,Oily
50,Female,Low,Medium,Low,58.4,19.4,Combination
47,Female,Medium,Low,High,44.7,20.8,Combination
40,Female,Medium,Medium,Medium,39.2,21.8,Normal
24,Female,Low,Low,High,23.2,12.5,Dry
54,Male,Medium,Medium,Medium,58.2,16.7,Normal
19,Male,High,Low,Medium,56.6,21.1,Combination
29,Male,Medium,Low,High,47.0,15.6,Combination
27,Male,High,Medium,Medium,41.9,22.1,Normal
27,Male,Medium,Medium,Low,61.1,21.0,Normal
52,Female,Medium,High,Low,77.4,23.0,Oily
57,Male,High,Low,Medium,33.6,11.2,Combination
47,Male,Medium,High,Medium,52.9,29.1,Oily
31,Female,Low,Low,Low,69.8,29.0,Combination
23,Female,Low,Low,High,35.2,19.6,Dry
30,Female,High,Low,Low,39.8,10.5,Combination
38,Female,Low,Low,High,29.0,10.9,Dry
40,Male,Low,High,Low,73.4,20.4,Oily
42,Male,Medium,High,Medium,63.6,25.9,Oily
25,Male,Medium,High,Medium,51.6,20.4,Oily
41,Male,High,Medium,Low,41.8,23.9,Normal
19,Female,Low,Low,Medium,73.5,29.8,Combination
59,Male,Low,Low,High,25.4,12.9,Dry
21,Male,Medium,High,Medium,60.8,22.6,Oily
51,Female,Low,Low,High,44.1,12.5,Dry
41,Female,Medium,High,Low,59.7,25.3,Oily
43,Male,Low,High,Low,69.4,23.1,Oily
34,Male,High,Medium,Medium,45.3,15.8,Normal
31,Male,Low,Low,High,23.0,16.6,Dry
22,Female,Low,Low,High,38.0,13.3,Dry
58,Male,High,Medium,Low,50.9,22.2,Normal
49,Male,High,High,Medium,47.3,15.2,Combination
43,Female,Low,Low,High,21.4,13.6,Dry
55,Male,High,Medium,Low,54.5,24.7,Normal
19,Male,Low,Low,High,79.1,30.9,Combination
50,Male,Low,Low,Low,31.2,15.5,Combination
37,Male,Low,High,Medium,70.2,27.4,Oily
36,Male,Medium,Medium,Low,58.1,17.7,Normal
52,Female,Low,Low,High,36.9,12.6,Dry
21,Male,Low,Low,High,36.0,10.9,Dry
33,Male,Low,High,Low,49.5,25.1,Oily
51,Female,Medium,Medium,Medium,76.3,26.2,Combination
20,Male,Low,Low,High,35.0,10.6,Dry
46,Male,Medium,Medium,Low,64.4,20.8,Normal
25,Male,Low,Low,High,24.0,15.3,Dry
56,Female,Low,Medium,Low,27.7,26.7,Combination
58,Female,Low,Low,High,28.4,11.4,Dry
34,Male,Medium,High,Medium,79.4,21.8,Oily
21,Male,Low,High,Medium,45.1,20.3,Oily
35,Male,Medium,High,Medium,52.5,29.9,Oily
59,Female,Medium,High,Medium,70.7,28.0,Oily
39,Female,Medium,Medium,High,54.8,27.4,Combination
59,Male,Medium,High,Medium,53.6,24.5,Oily
41,Male,Medium,Medium,Low,37.0,24.3,Normal
56,Male,High,Medium,Low,43.2,20.6,Normal
49,Female,Low,Low,High,20.0,14.3,Dry
39,Female,Low,Medium,Low,65.0,29.3,Combination
39,Female,Medium,High,Low,74.2,25.3,Oily
36,Male,Low,High,Medium,64.3,25.2,Oily
31,Male,Low,Low,High,29.5,18.1,Dry
58,Male,Low,Low,High,40.9,18.5,Dry
50,Female,Medium,High,Medium,58.4,25.3,Oily
58,Male,High,High,Low,73.8,33.2,Combination
37,Male,Low,Low,High,33.2,11.8,Dry
36,Male,High,High,Low,22.0,29.0,Combination
53,Male,Medium,Medium,Medium,62.2,20.3,Normal
41,Female,Medium,Medium,Medium,35.9,24.1,Normal
18,Male,Medium,Medium,Low,35.3,24.8,Normal
23,Female,High,Medium,Medium,47.0,19.8,Normal
39,Female,Medium,High,Medium,57.9,29.1,Oily
55,Female,Low,High,Low,63.3,23.5,Oily
34,Male,Low,Low,High,34.9,10.0,Dry
42,Male,Low,Low,High,28.3,19.3,Dry
44,Male,Low,Low,High,35.6,12.3,Dry
25,Female,Medium,High,Low,76.4,29.3,Oily
25,Male,High,Low,Medium,56.6,24.3,Combination
50,Female,High,High,Medium,24.2,10.1,Combination
44,Female,High,Medium,Low,39.0,23.4,Normal
39,Male,Low,High,Low,65.4,18.4,Combination
34,Female,Medium,Medium,Medium,47.7,23.5,Normal
59,Female,Low,Low,High,40.9,15.3,Dry
59,Male,Low,Low,High,37.0,10.5,Dry
20,Male,High,Low,Medium,52.4,23.5,Combination
22,Male,Low,Low,High,39.1,12.9,Dry
48,Female,Medium,Low,Low,37.7,20.5,Combination
46,Female,Low,Low,High,25.2,18.2,Dry
48,Male,Medium,High,Medium,45.9,21.4,Oily
56,Female,Low,High,Medium,57.1,26.1,Oily
37,Male,Medium,High,Medium,76.5,28.5,Oily
30,Female,High,Medium,Low,53.3,17.0,Normal
56,Male,Low,Low,High,28.8,13.1,Dry
59,Male,Low,High,Medium,79.5,20.1,Oily
40,Male,High,Medium,Low,43.4,17.8,Normal
46,Female,Medium,Medium,Medium,76.0,26.8,Combination
39,Female,High,Medium,Medium,39.9,20.5,Normal
50,Male,Medium,Medium,Medium,61.3,18.8,Normal
40,Male,Medium,Medium,Low,43.9,24.7,Normal
29,Female,High,Medium,Medium,54.0,15.9,Normal
31,Male,Medium,Low,High,31.3,17.5,Combination
40,Female,High,Medium,Medium,52.8,19.7,Normal
19,Female,Medium,High,Medium,52.9,23.5,Oily
56,Male,High,Medium,Medium,63.0,20.9,Normal
52,Male,Low,Low,High,25.1,16.0,Dry
58,Male,Low,Low,High,44.8,15.7,Dry
39,Male,High,Medium,Low,52.0,24.6,Normal
25,Female,Low,Low,High,43.9,16.8,Dry
39,Female,High,Medium,Medium,36.8,21.8,Normal
50,Male,Low,Low,Low,66.0,11.2,Combination
43,Female,Low,High,Medium,75.5,26.7,Oily
21,Male,Medium,Medium,Low,22.0,23.2,Combination
43,Male,High,Medium,Medium,56.8,15.2,Normal
31,Female,Low,Low,High,25.9,18.2,Dry
34,Male,Low,Low,Medium,76.1,11.1,Combination
29,Male,Medium,Low,Medium,48.8,25.9,Combination
55,Male,Low,Low,High,40.8,17.3,Dry
42,Female,Low,High,Low,53.2,20.8,Oily
19,Male,Low,Low,High,32.5,11.0,Dry
33,Male,Medium,Medium,Medium,54.5,16.5,Normal
33,Male,Low,Low,High,38.2,17.6,Dry
30,Female,Low,Medium,High,45.0,33.2,Combination
32,Female,Low,Low,High,39.6,14.3,Dry
54,Female,Low,Low,High,43.9,11.7,Dry
29,Female,Low,High,Low,74.1,29.0,Oily
43,Female,Low,High,Medium,78.1,28.1,Oily
19,Male,Low,High,Low,58.8,29.6,Oily
50,Female,Medium,High,Medium,56.7,27.2,Oily
51,Male,Medium,High,Low,60.6,27.5,Oily
24,Female,High,Medium,Low,53.2,19.8,Normal
38,Male,High,Medium,Low,39.5,20.0,Normal
18,Male,High,Medium,Medium,36.2,24.6,Normal
23,Male,High,Medium,Medium,42.4,20.0,Normal
32,Female,Medium,Medium,Medium,62.7,23.8,Normal
58,Female,Medium,High,Low,27.8,10.7,Combination
29,Male,Low,Low,High,21.0,13.6,Dry
32,Male,Medium,Medium,Low,51.5,20.2,Normal
43,Female,Medium,High,Low,74.9,25.5,Oily
39,Male,Medium,High,Medium,46.6,23.4,Oily
55,Female,High,Medium,Low,40.3,16.8,Normal
25,Female,Low,Low,High,26.5,13.9,Dry
30,Female,Low,Low,High,32.2,13.7,Dry
46,Male,High,Medium,Medium,47.0,20.1,Normal
24,Male,High,Medium,Medium,48.1,20.7,Normal
24,Female,Low,High,Low,79.4,25.5,Oily
19,Male,Medium,High,Medium,63.7,26.9,Oily
46,Male,Low,Low,High,40.6,17.7,Dry
27,Male,Medium,Medium,Medium,59.5,15.3,Normal
19,Male,Low,High,Medium,78.9,22.1,Oily
37,Male,Low,High,Low,75.2,20.4,Oily
56,Male,Low,Low,High,39.1,17.7,Dry
40,Male,Low,Low,High,28.0,19.7,Dry
36,Female,High,Medium,Low,43.1,16.2,Normal
49,Female,High,Medium,Medium,46.3,23.2,Normal
56,Female,Low,Low,Medium,34.8,13.2,Combination
58,Female,Medium,Medium,Medium,45.0,23.1,Normal
22,Female,Low,Low,High,71.9,17.0,Combination
29,Male,Low,Low,High,43.6,19.8,Dry
54,Male,Low,Medium,Low,66.3,12.4,Combination
28,Female,Medium,Medium,Medium,63.7,20.9,Normal
50,Female,High,Low,Medium,24.3,28.0,Combination
24,Female,Medium,High,Low,63.2,27.9,Oily
30,Male,Low,Low,High,41.9,10.9,Dry
48,Female,Low,Low,High,36.9,16.4,Dry
57,Female,High,Low,Low,40.0,14.6,Combination
52,Female,Medium,Medium,Low,38.2,21.4,Normal
53,Female,Low,Low,High,42.2,10.6,Dry
31,Male,Medium,Low,High,27.8,13.4,Combination
37,Male,Medium,High,Medium,79.2,27.3,Oily
39,Female,Low,Low,High,30.8,16.8,Dry
30,Male,Low,Low,High,38.7,12.2,Dry
30,Male,Low,Low,High,36.9,15.7,Dry
18,Male,Low,Low,Medium,38.9,29.7,Combination
56,Male,Low,High,Low,73.5,21.4,Oily
31,Female,Medium,Medium,Low,45.9,24.5,Normal
27,Female,High,Medium,Medium,56.3,22.3,Normal
23,Female,Low,Low,High,21.7,17.3,Dry
38,Female,High,Medium,Low,63.3,22.5,Normal
45,Male,High,Medium,Medium,53.0,21.8,Normal
23,Male,Medium,Medium,Low,44.8,15.0,Normal
23,Male,Low,Low,High,40.0,10.7,Dry
59,Female,Low,Medium,High,62.3,21.4,Combination
35,Female,Medium,Medium,Low,60.1,19.4,Normal
19,Female,Low,Low,High,44.2,17.2,Dry
23,Male,Medium,High,Low,69.0,25.0,Oily
26,Male,Low,High,Low,56.8,23.9,Oily
34,Female,Medium,High,Medium,28.1,13.3,Combination
30,Male,Low,High,Medium,56.0,21.4,Oily
45,Female,High,Medium,Low,56.4,15.1,Normal
46,Male,High,High,Low,26.7,18.8,Combination
28,Female,Medium,Medium,Medium,62.3,18.0,Normal
32,Male,Low,Low,High,30.5,18.6,Dry
52,Female,Medium,High,High,36.2,20.5,Combination
41,Male,Low,Low,High,37.4,15.6,Dry
19,Female,High,Low,Medium,61.4,12.0,Combination
36,Female,High,High,Medium,28.8,10.7,Combination
34,Male,Low,High,Medium,50.0,23.9,Oily
58,Male,Low,Low,High,34.6,16.7,Dry
52,Female,Low,High,Medium,51.8,20.9,Oily
27,Male,Medium,High,Medium,75.1,22.7,Oily
52,Female,High,High,Medium,32.1,26.0,Combination
53,Female,Low,Medium,High,39.6,32.7,Combination
27,Female,Medium,Medium,Low,37.1,22.4,Normal
54,Male,Medium,Medium,Low,44.0,14.4,Combination
53,Female,Medium,High,Low,74.8,22.5,Oily
45,Female,Low,Low,High,38.7,12.5,Dry
25,Female,Medium,Medium,Medium,53.5,22.5,Normal
35,Female,Medium,Medium,Medium,44.1,16.4,Normal
29,Female,Medium,High,Low,68.8,21.4,Oily
30,Female,Low,Low,High,40.5,13.1,Dry
38,Female,Low,Low,High,21.0,16.6,Dry
22,Male,Low,Low,High,31.1,10.0,Dry
46,Female,Low,Low,High,37.7,17.3,Dry
24,Male,Low,Low,High,21.7,19.4,Dry
35,Female,High,Medium,Medium,45.8,15.3,Normal
19,Female,Low,Low,High,34.4,16.6,Dry
45,Male,Medium,Low,Low,35.6,18.1,Combination
46,Female,Medium,High,High,79.3,20.7,Combination
32,Male,Low,High,Medium,76.2,20.7,Oily
33,Female,High,Medium,Medium,60.5,21.1,Normal
53,Male,Medium,Medium,Low,38.4,19.5,Normal
52,Female,Low,Low,High,36.1,15.8,Dry
18,Female,High,Low,High,27.1,22.8,Combination
40,Female,High,Medium,Medium,59.7,16.1,Normal
19,Female,Low,High,Medium,73.7,20.9,Oily
22,Female,High,Low,Low,79.9,28.7,Combination
47,Male,Low,Low,High,33.3,13.1,Dry
53,Male,Low,Low,High,39.3,17.1,Dry
40,Male,Low,Medium,High,58.9,11.3,Combination
32,Female,Low,Low,High,35.0,14.9,Dry
43,Female,Low,High,Low,49.0,32.0,Combination
46,Male,Low,Low,High,22.6,10.9,Dry
38,Female,Medium,High,Low,48.1,23.9,Oily
22,Male,Low,High,Low,61.5,26.7,Oily
24,Male,Low,Low,High,21.7,32.3,Combination
44,Male,High,Medium,High,52.6,29.4,Combination
48,Female,Medium,High,Low,79.4,23.0,Oily
27,Female,Medium,Medium,Low,61.2,19.9,Normal
48,Male,Low,High,Medium,58.1,23.2,Oily
54,Female,Low,Low,Low,28.9,13.8,Combination
46,Male,Low,High,Low,60.0,25.5,Oily
35,Male,Medium,High,Low,77.6,28.5,Oily
19,Female,Low,Low,High,20.3,10.8,Dry
47,Female,Medium,High,High,74.8,11.7,Combination
27,Female,Medium,High,Low,72.8,11.7,Combination
28,Female,High,Medium,Medium,59.1,22.5,Normal
52,Male,High,High,Low,60.5,31.2,Combination
41,Female,Low,Low,High,28.2,10.3,Dry
19,Male,Low,Medium,Medium,76.2,24.6,Combination
57,Female,Low,Low,High,40.0,13.6,Dry
36,Male,Medium,Medium,Medium,58.6,15.8,Normal
36,Female,Medium,High,Low,65.0,26.5,Oily
54,Female,High,Low,Medium,69.0,27.3,Combination
32,Male,Medium,High,Low,74.7,25.3,Oily
47,Female,Medium,High,Medium,67.6,29.4,Oily
45,Female,Low,High,Medium,68.6,29.4,Oily
45,Male,High,Low,High,31.4,29.5,Combination
52,Female,Medium,High,Medium,52.7,25.9,Oily
40,Male,Low,Medium,Low,57.5,33.8,Combination
29,Female,Medium,High,Low,73.1,21.6,Oily
25,Female,High,Medium,Medium,62.9,16.1,Normal
32,Male,Low,High,Low,51.3,27.9,Oily
46,Female,Low,Low,High,31.7,15.3,Dry
35,Male,Medium,Medium,Medium,63.1,24.1,Normal
25,Female,Medium,Medium,Medium,78.9,13.5,Combination
46,Female,Low,High,Low,50.9,26.2,Oily
44,Female,Medium,High,High,67.2,33.7,Combination
40,Male,High,Medium,Low,59.3,22.5,Normal
40,Female,Medium,Medium,Medium,47.1,31.7,Combination
52,Male,High,High,High,76.0,26.5,Combination
21,Female,Medium,Medium,Low,36.1,12.9,Combination
37,Female,Medium,Medium,High,20.6,14.5,Combination
26,Male,Low,Medium,Low,41.9,17.1,Combination
53,Male,Low,High,Medium,63.7,28.5,Oily
44,Female,High,Medium,Medium,40.5,15.6,Normal
31,Female,Medium,Medium,Medium,52.4,17.9,Normal
43,Female,High,Medium,Low,56.8,19.2,Normal
20,Female,High,Medium,Medium,54.0,16.2,Normal
54,Female,Low,Low,High,29.3,14.3,Dry
55,Female,Low,High,Low,47.1,22.9,Oily
48,Female,Low,Low,High,28.7,14.3,Dry
19,Female,Medium,Medium,High,67.6,14.1,Combination
54,Male,Medium,Medium,Medium,45.3,15.5,Normal
40,Female,Low,Low,High,43.9,16.4,Dry
26,Male,Medium,High,Low,62.1,21.2,Oily
19,Male,High,Medium,Medium,41.6,23.7,Normal
46,Male,Low,Low,High,24.4,15.5,Dry
36,Female,Medium,High,Low,53.0,26.2,Oily
49,Female,Low,High,High,21.5,18.9,Combination
53,Male,Medium,Medium,Medium,38.8,18.2,Normal
20,Female,Low,Low,High,25.3,15.9,Dry
46,Female,Medium,Medium,Low,54.3,25.0,Normal
21,Female,Low,Low,High,37.4,16.4,Dry
36,Male,High,Medium,Medium,62.6,18.3,Normal
55,Female,Medium,High,Medium,76.3,28.7,Oily
28,Female,High,Medium,Low,60.0,15.4,Normal
37,Female,Low,High,High,23.3,23.6,Combination
53,Male,Medium,Medium,Low,48.2,18.5,Normal
37,Female,High,Medium,Medium,44.7,20.5,Normal
38,Female,Medium,Medium,Medium,60.0,20.5,Normal
46,Female,High,Low,Low,45.2,10.4,Combination
43,Female,High,High,Medium,22.7,24.2,Combination
53,Male,Low,Low,High,39.8,13.9,Dry
57,Male,High,Medium,Medium,47.8,22.4,Normal
43,Female,Medium,Low,High,44.0,17.2,Combination
40,Female,Low,Low,Low,54.3,14.9,Combination
36,Female,Medium,High,Low,55.5,20.9,Oily
33,Male,Medium,Low,Medium,74.7,26.5,Combination
49,Male,Medium,High,Low,76.8,22.5,Oily
42,Female,Medium,High,Low,59.6,21.6,Oily
23,Female,Medium,High,Medium,58.2,33.8,Combination
36,Female,High,Medium,Low,51.2,19.5,Normal
49,Male,Medium,High,Low,54.4,28.5,Oily
39,Male,Low,High,Medium,63.2,22.0,Oily
33,Male,Medium,Medium,Medium,42.5,23.7,Normal
32,Female,Medium,High,Medium,53.1,24.0,Oily
18,Male,High,Medium,Medium,41.6,17.6,Normal
47,Female,Low,Low,High,39.6,19.8,Dry
22,Male,Low,High,Medium,55.0,20.0,Oily
19,Male,Medium,Medium,Low,57.0,24.4,Normal
20,Male,Low,High,Medium,66.9,10.6,Combination
39,Male,Low,High,Low,61.3,27.5,Oily
30,Male,Low,Medium,Low,63.2,28.5,Combination
30,Female,High,Medium,Medium,56.4,21.7,Normal
28,Female,Medium,Medium,Low,62.6,20.1,Normal
43,Male,Low,High,High,58.4,11.5,Combination
49,Female,Medium,High,Medium,62.3,22.4,Oily
45,Female,High,Medium,Low,50.5,23.2,Normal
54,Female,Low,Low,High,74.4,26.9,Combination
40,Female,High,High,Medium,46.2,33.0,Combination
32,Female,Low,Low,High,44.8,10.4,Dry
38,Male,Medium,High,Low,72.1,23.2,Oily
36,Female,Low,Low,Low,76.3,13.3,Combination
28,Male,Low,Low,High,36.6,10.4,Dry
55,Male,Medium,High,Low,69.2,25.6,Oily
54,Female,Medium,High,Low,53.0,26.1,Oily
28,Female,Low,Low,High,27.3,17.4,Dry
56,Male,High,Medium,Low,28.5,32.5,Combination
26,Male,High,Medium,Low,46.3,19.5,Normal
47,Female,Low,Low,Low,21.7,23.4,Combination
51,Male,Low,Low,High,37.6,19.7,Dry
45,Female,Medium,Medium,Medium,35.0,19.6,Normal
52,Female,Low,Low,High,35.7,16.8,Dry
33,Female,Low,Low,High,42.4,16.2,Dry
45,Female,High,Medium,Medium,63.1,19.3,Normal
38,Female,Medium,Medium,Low,62.2,21.1,Normal
36,Male,Low,Low,High,32.7,15.0,Dry
36,Female,Medium,High,Low,75.3,27.0,Oily
19,Female,Low,Low,High,41.4,15.1,Dry
45,Male,Medium,High,Medium,75.1,26.6,Oily
45,Male,Medium,High,Low,59.2,25.9,Oily
41,Female,Medium,Medium,Low,44.1,14.9,Combination
44,Female,Low,Low,High,27.9,10.6,Dry
59,Male,High,Medium,Low,51.0,19.5,Normal
47,Female,Low,High,Low,43.0,24.6,Combination
19,Male,Medium,High,Low,60.9,27.8,Oily
24,Male,Medium,Medium,Low,37.4,18.5,Normal
52,Female,High,Low,Medium,34.8,20.2,Combination
38,Female,Medium,High,Low,54.0,21.9,Oily
49,Female,Low,High,Low,62.9,29.6,Oily
50,Female,Low,High,Medium,70.8,25.8,Oily
32,Female,Medium,High,Low,50.1,20.0,Oily
53,Female,High,Low,High,39.4,10.6,Combination
42,Female,Medium,Medium,Medium,55.2,19.4,Normal
33,Female,High,Low,High,63.5,23.2,Combination
31,Male,Medium,Medium,Medium,36.8,20.5,Normal
33,Male,Low,High,Low,77.8,27.9,Oily
45,Female,Medium,High,Medium,61.7,23.1,Oily
34,Female,Low,Low,High,31.4,19.7,Dry
33,Female,Medium,High,Medium,45.7,24.5,Oily
31,Male,Low,High,Low,62.2,27.7,Oily
18,Male,Medium,High,Low,48.1,25.1,Oily
42,Male,Medium,High,Medium,27.8,34.5,Combination
44,Female,Low,Low,High,33.8,13.0,Dry
47,Female,High,Medium,Low,37.0,16.7,Normal
59,Female,Low,Low,Medium,69.6,11.1,Combination
46,Female,Medium,Medium,Low,40.8,23.9,Normal
53,Female,Medium,High,Medium,45.3,25.3,Oily
43,Male,Medium,High,Low,79.4,25.1,Oily
58,Female,Low,High,Low,75.1,21.2,Oily
56,Male,Medium,High,Medium,77.2,21.5,Oily
44,Male,Medium,Medium,Low,62.5,23.8,Normal
41,Female,Low,Low,High,36.7,16.5,Dry
28,Female,Medium,High,Medium,45.1,28.3,Oily
33,Female,Medium,High,Low,72.0,11.5,Combination
22,Male,Low,Low,High,28.2,11.9,Dry
46,Female,Medium,High,Medium,79.3,26.2,Oily
44,Female,High,High,Low,67.6,31.0,Combination
40,Female,Low,High,High,40.8,34.7,Combination
56,Male,Medium,Medium,Low,61.1,23.8,Normal
50,Male,Low,Low,High,37.6,16.9,Dry
54,Female,High,High,Medium,48.9,24.5,Combination
20,Female,Medium,Low,Medium,27.5,20.3,Combination
33,Female,Low,Low,High,32.6,18.0,Dry
29,Female,Medium,High,Medium,47.7,34.5,Combination
42,Male,Low,Low,High,24.8,13.4,Dry
40,Male,Low,High,Medium,48.1,23.6,Oily
25,Male,Medium,Medium,Low,45.1,19.2,Normal
33,Male,Low,Low,High,44.5,17.7,Dry
49,Female,High,Medium,Medium,49.0,23.6,Normal
27,Female,Medium,Medium,Low,35.0,27.4,Combination
28,Male,Low,High,Medium,48.2,24.1,Oily
36,Male,Low,Low,Medium,77.1,21.1,Combination
56,Male,Medium,Low,Low,70.6,19.5,Combination
44,Male,Low,High,Medium,45.3,30.0,Oily
44,Male,High,Medium,Low,40.3,24.8,Normal
27,Male,Low,Low,High,30.0,17.0,Dry
27,Female,High,Medium,Medium,46.9,22.0,Normal
40,Male,Low,Low,High,25.4,14.5,Dry
23,Male,High,Medium,Low,36.6,17.1,Normal
26,Male,Low,High,Medium,71.0,23.4,Oily
24,Male,Low,Low,High,38.6,16.6,Dry
49,Male,Low,High,Medium,63.6,27.7,Oily
29,Female,Medium,Medium,Low,42.0,19.4,Normal
44,Female,Low,High,Low,57.1,24.3,Oily
45,Female,Low,High,High,68.1,19.5,Combination
56,Female,Low,Low,High,29.9,18.6,Dry
39,Female,Medium,Medium,Medium,64.5,24.6,Normal
18,Male,Medium,High,Medium,45.6,22.3,Oily
50,Female,High,Low,Medium,30.6,27.7,Combination
32,Female,Medium,High,Low,58.6,25.2,Oily
59,Male,Medium,Medium,Medium,44.4,22.3,Normal
35,Male,Low,High,Low,75.8,25.5,Oily
25,Female,High,Medium,Low,39.3,18.3,Normal
56,Male,Medium,High,Medium,67.5,22.3,Oily
49,Male,High,Medium,High,60.2,25.4,Combination
38,Male,Low,High,Low,66.4,27.2,Oily
18,Female,Medium,Medium,Low,52.5,17.1,Normal
55,Male,Low,Low,High,25.9,10.6,Dry
56,Female,Medium,Medium,High,69.8,18.7,Combination
45,Female,High,High,High,72.8,34.2,Combination
54,Female,Low,Low,High,31.4,18.5,Dry
30,Female,Low,Low,High,35.3,13.7,Dry
49,Male,Medium,Medium,Medium,23.3,15.6,Combination
57,Male,Medium,Medium,Low,36.0,24.1,Normal
25,Male,High,Medium,Medium,40.5,19.5,Normal
19,Male,Medium,Medium,Medium,60.1,24.7,Normal
51,Female,Low,Low,High,32.1,14.2,Dry
21,Male,Medium,Medium,Low,48.0,17.1,Normal
53,Male,High,Medium,Medium,53.7,21.7,Normal
29,Female,Low,Low,High,29.6,31.0,Combination
22,Male,Low,High,Medium,53.2,29.9,Oily
48,Female,High,Medium,High,25.1,15.4,Combination
40,Female,Medium,Medium,Low,37.6,20.6,Normal
28,Male,Low,Low,High,20.9,17.2,Dry
41,Male,Low,Low,High,22.8,12.6,Dry
22,Female,Low,Low,High,30.9,13.7,Dry
32,Male,High,Medium,Medium,48.1,21.1,Normal
52,Female,Low,High,Medium,68.4,26.7,Oily
20,Female,Medium,High,Low,48.1,27.7,Oily
52,Male,Low,High,High,62.0,22.9,Combination
56,Female,Low,Low,High,43.8,15.0,Dry
18,Male,Medium,High,Low,64.7,23.1,Oily
51,Male,Low,High,Medium,74.3,26.8,Oily
25,Male,Low,High,Low,76.6,28.2,Oily
44,Female,Low,Low,High,33.2,12.2,Dry
40,Male,High,Medium,Medium,40.1,21.0,Normal
24,Male,Low,Low,High,38.4,15.4,Dry
48,Female,High,Medium,Medium,52.3,24.5,Normal
29,Female,Low,Low,High,30.7,11.5,Dry
23,Female,Low,Medium,High,67.2,19.9,Combination
49,Male,High,Low,Low,22.7,29.9,Combination
20,Female,Medium,Low,High,52.4,15.7,Combination
27,Male,Medium,Medium,Medium,36.7,23.3,Normal
42,Male,Low,Low,Medium,20.6,17.1,Combination
57,Male,High,Medium,Medium,63.3,18.0,Normal
34,Female,Low,Low,High,26.5,11.5,Dry
38,Female,Medium,Medium,Medium,52.9,22.6,Normal
20,Female,Medium,High,Low,79.2,27.2,Oily
33,Male,High,Medium,Medium,57.7,17.6,Normal
46,Male,Medium,Medium,Low,58.4,22.9,Normal
38,Male,Low,Low,High,29.1,19.1,Dry
24,Female,Low,Low,High,26.2,16.6,Dry
25,Female,Low,Low,High,22.3,18.3,Dry
22,Male,Low,High,Low,56.8,26.6,Oily
34,Male,Low,Low,High,31.0,15.4,Dry
35,Female,Medium,Medium,Low,35.3,19.2,Normal
51,Female,Low,High,Low,64.2,15.3,Combination
18,Male,Medium,Medium,Low,36.0,15.7,Normal
30,Female,Medium,High,Medium,43.0,29.0,Combination
57,Female,Low,Low,High,39.1,11.5,Dry
22,Female,Medium,Medium,Medium,46.9,16.6,Normal
53,Female,Low,Low,High,30.9,17.3,Dry
20,Male,Low,Medium,Low,78.3,24.9,Combination
57,Male,Medium,High,High,80.0,10.6,Combination
57,Female,Low,Low,High,38.4,12.6,Dry
19,Male,Medium,Low,Medium,56.0,16.9,Combination
56,Female,Medium,High,Medium,51.0,28.2,Oily
34,Male,Medium,Medium,Medium,57.2,24.0,Normal
20,Female,Low,Low,Medium,46.0,22.2,Combination
57,Female,Medium,Medium,Medium,36.7,21.6,Normal
30,Male,Low,Low,High,24.8,18.6,Dry
21,Female,Medium,High,Medium,48.4,24.5,Oily
59,Female,Low,High,Medium,67.9,25.0,Oily
38,Male,Medium,Low,Low,41.8,12.9,Combination
24,Male,Medium,High,Medium,52.5,26.8,Oily
26,Male,Low,High,Low,73.8,26.4,Oily
26,Male,Low,Low,High,42.2,14.3,Dry
45,Male,High,Low,Low,33.1,13.8,Combination
33,Female,Low,High,Low,53.2,28.8,Oily
31,Male,Low,Low,High,23.2,10.7,Dry
26,Male,Medium,High,Low,72.3,21.5,Oily
24,Male,Low,Low,Low,56.6,28.3,Combination
28,Female,Low,Low,High,29.3,16.8,Dry
38,Male,Low,Low,High,43.6,18.0,Dry
48,Female,High,Medium,Medium,44.3,18.4,Normal
38,Male,Medium,High,Low,55.2,24.4,Oily
37,Male,High,Low,Low,65.4,15.4,Combination
59,Male,Low,Low,High,35.5,11.8,Dry
59,Female,Low,High,Medium,72.2,26.9,Oily
19,Female,Medium,Low,High,25.6,17.7,Combination
54,Male,Medium,High,Low,72.8,27.3,Oily
55,Male,Medium,High,Low,74.0,21.4,Oily
49,Male,Low,Low,High,24.5,16.3,Dry
37,Male,Medium,Medium,Medium,61.3,15.8,Normal
49,Male,Low,Medium,Low,62.9,29.5,Combination
29,Female,Low,Medium,Low,39.6,31.8,Combination
29,Female,Low,Low,High,36.5,10.0,Dry
48,Male,Medium,Medium,Medium,22.4,32.1,Combination
27,Male,Medium,Medium,Low,62.6,16.2,Normal
36,Male,Low,Low,High,43.2,11.7,Dry
44,Male,Low,High,High,25.4,28.9,Combination
55,Male,Low,Low,High,33.0,12.5,Dry
56,Female,Medium,High,Low,77.9,26.4,Oily
57,Female,High,Medium,Medium,60.0,23.0,Normal
26,Female,Medium,Low,Low,69.0,21.3,Combination
21,Male,Medium,High,Low,34.6,12.6,Combination
21,Female,Medium,High,Medium,71.8,27.1,Oily
57,Female,Low,High,Medium,52.2,23.5,Oily
18,Male,Low,High,Medium,50.3,25.9,Oily
25,Female,Low,High,Low,51.9,27.6,Oily
47,Female,Low,High,Low,47.6,22.1,Oily
28,Female,Low,Low,High,22.0,14.2,Dry
21,Female,Medium,Medium,Medium,49.9,23.8,Normal
19,Female,Low,Low,High,31.6,18.9,Dry
44,Male,Medium,High,Low,52.5,24.4,Oily
25,Female,Medium,Medium,High,53.4,34.9,Combination
28,Female,Medium,Medium,Low,55.4,22.8,Normal
56,Female,Medium,Medium,Medium,42.0,21.3,Normal
34,Male,Medium,Medium,High,46.8,14.3,Combination
37,Male,High,High,Medium,36.5,20.9,Combination
56,Male,High,High,Low,28.1,23.1,Combination
33,Male,Medium,Low,Medium,45.6,23.6,Combination
55,Male,High,Medium,Low,44.6,15.0,Normal
52,Male,Low,High,Low,60.1,21.4,Oily
54,Female,High,Medium,Medium,79.6,30.7,Combination
19,Male,Medium,Low,High,53.4,25.8,Combination
37,Female,Low,High,Medium,51.9,22.0,Oily
57,Male,Medium,High,High,65.2,11.1,Combination
21,Female,Low,High,Medium,53.2,28.1,Oily
49,Female,High,Medium,Medium,64.5,24.1,Normal
34,Male,High,Medium,Low,38.1,21.3,Normal
40,Male,Low,Low,High,38.3,18.9,Dry
46,Female,Low,High,Medium,75.1,24.9,Oily
32,Female,High,Medium,Medium,51.5,18.8,Normal
28,Female,Low,Low,High,29.4,14.9,Dry
30,Female,Low,Low,High,43.8,15.5,Dry
54,Female,Medium,High,Low,74.9,26.0,Oily
37,Female,High,Medium,Low,64.1,22.1,Normal
43,Male,Low,Medium,Low,79.7,25.1,Combination
29,Female,Low,High,Medium,55.3,26.7,Oily
24,Female,Low,Low,High,40.1,14.1,Dry
46,Male,Low,High,Low,79.5,14.4,Combination
56,Female,Low,High,Low,68.5,25.9,Oily
36,Female,Low,Low,High,44.6,11.4,Dry
33,Female,Medium,High,Low,53.5,20.1,Oily
38,Male,Medium,Medium,Low,58.0,24.5,Normal
38,Female,Medium,Medium,Medium,52.3,24.8,Normal
22,Male,Medium,High,High,76.9,34.9,Combination
45,Male,High,Medium,Medium,54.1,18.2,Normal
33,Female,Medium,Medium,Low,50.8,21.5,Normal
23,Female,Medium,Medium,Low,64.8,18.0,Normal
33,Male,Medium,High,Medium,42.9,21.6,Combination
42,Female,Medium,High,Low,27.5,17.1,Combination
56,Female,High,High,Low,49.6,23.7,Combination
42,Female,Low,High,Medium,61.9,28.6,Oily
24,Female,Low,High,Low,66.4,26.8,Oily
40,Female,Medium,Medium,Low,53.1,24.5,Normal
50,Male,Medium,Low,Medium,41.1,25.4,Combination
50,Female,Low,Low,High,27.6,17.9,Dry
39,Female,Low,Low,High,44.5,15.4,Dry
59,Female,Low,Low,High,34.2,12.4,Dry
46,Female,Low,Low,High,20.2,14.1,Dry
39,Male,Low,Low,High,41.8,10.5,Dry
34,Male,Medium,Medium,Low,41.8,16.7,Normal
29,Female,Medium,Low,High,70.4,26.6,Combination
53,Female,Low,Low,High,40.5,13.3,Dry
34,Female,Low,Low,High,37.2,14.2,Dry
23,Male,High,Medium,Low,46.4,21.9,Normal
42,Female,Medium,Medium,Low,60.6,15.8,Normal
50,Male,High,Medium,Medium,61.2,22.6,Normal
42,Male,Medium,Medium,Low,53.6,17.0,Normal
44,Female,Low,Low,High,39.7,16.4,Dry
23,Male,Low,High,Low,54.3,24.4,Oily
18,Female,Medium,High,Low,32.1,17.7,Combination
41,Female,Medium,Low,Medium,66.6,30.6,Combination
45,Female,Medium,Low,High,57.5,18.5,Combination
39,Female,High,Medium,Low,35.3,23.2,Normal
20,Male,Low,High,Low,61.3,29.8,Oily
52,Female,Low,Low,High,34.9,11.5,Dry
51,Male,High,High,Medium,69.3,20.4,Combination
43,Female,Medium,High,Low,53.3,22.9,Oily
39,Male,Medium,Low,Medium,76.9,34.5,Combination
28,Female,Low,High,Low,47.2,28.6,Oily
18,Female,Medium,High,Medium,52.4,25.1,Oily
40,Female,Medium,Low,Low,65.8,11.9,Combination
56,Female,Medium,High,Medium,46.8,20.1,Oily
34,Female,Medium,Medium,Medium,35.0,15.8,Normal
59,Female,High,High,Medium,34.8,12.8,Combination
53,Female,Medium,Medium,High,28.3,28.5,Combination
21,Female,Low,Low,High,41.8,17.4,Dry
31,Male,Low,Low,Low,44.7,20.2,Combination
57,Female,Low,High,High,21.7,15.3,Combination
26,Male,Medium,Medium,Medium,63.6,17.9,Normal
28,Female,Low,Low,Medium,28.3,20.0,Combination
28,Female,Medium,Low,High,22.1,20.7,Combination
42,Female,Low,Low,High,43.3,18.0,Dry
42,Female,High,Medium,Low,62.0,22.4,Normal
21,Male,Low,High,Medium,73.3,20.8,Oily
24,Male,Low,Low,High,28.8,13.1,Dry
31,Male,Low,Low,High,35.5,15.2,Dry
36,Male,Low,Low,High,29.9,10.7,Dry
25,Female,Medium,High,Low,70.0,25.5,Oily
52,Male,Low,Low,Low,69.3,11.8,Combination
33,Male,Low,High,Low,49.6,27.4,Oily
46,Female,Low,Low,High,38.0,17.3,Dry
31,Male,Low,High,Medium,58.2,24.2,Oily
43,Male,Low,Low,High,32.1,11.7,Dry
43,Male,Medium,High,Medium,76.7,28.8,Oily
58,Female,Medium,Medium,Medium,48.7,15.8,Normal
53,Female,Medium,Medium,Medium,48.3,22.9,Normal
45,Female,Medium,Medium,Medium,45.2,17.7,Normal
32,Female,Low,High,High,27.7,15.8,Combination
19,Male,Medium,Medium,Low,50.1,22.4,Normal
25,Female,Low,High,Low,36.9,23.7,Combination
38,Female,Medium,High,Low,59.1,28.9,Oily
34,Male,Low,High,Low,35.5,23.1,Combination
51,Female,Medium,Medium,Low,42.8,22.8,Normal
43,Male,Medium,Medium,High,79.6,19.5,Combination
43,Female,High,Medium,Low,48.7,22.6,Normal
39,Male,Medium,Medium,Low,64.4,23.2,Normal
33,Female,Low,High,Medium,67.4,27.8,Oily
53,Male,Low,Low,High,38.4,15.6,Dry
43,Female,High,Medium,Medium,78.8,26.2,Combination
24,Male,Low,Low,Medium,62.3,11.2,Combination
54,Female,Medium,Low,Low,22.5,16.4,Combination
49,Male,High,Medium,High,67.6,34.7,Combination
21,Male,Medium,Medium,High,32.2,30.5,Combination
29,Female,Medium,High,Medium,45.8,28.3,Oily
41,Male,Low,Low,Medium,39.5,15.2,Combination
19,Female,Low,Low,High,34.1,16.8,Dry
46,Female,Low,Low,High,22.4,18.3,Dry
28,Male,Low,Low,Low,31.2,24.4,Combination
45,Female,Low,Low,Medium,33.0,29.8,Combination
45,Female,Low,High,Low,74.1,25.3,Oily
46,Male,Medium,High,Medium,48.1,28.6,Oily
24,Male,Medium,Medium,Low,41.6,30.8,Combination
28,Female,Medium,High,Medium,49.0,31.5,Combination
21,Male,Low,Low,High,32.2,18.6,Dry
43,Male,Low,Low,High,37.6,10.7,Dry
49,Female,Low,High,Low,60.7,22.7,Oily
26,Male,Low,Low,High,43.4,14.8,Dry
33,Female,Medium,High,Low,50.3,27.1,Oily
56,Female,Low,Medium,Medium,35.5,19.8,Combination
35,Female,Low,High,Medium,57.2,16.7,Combination
53,Female,Low,Low,High,70.2,21.0,Combination
18,Female,Low,Low,High,40.3,13.0,Dry
30,Male,Medium,High,Low,75.7,25.5,Oily
36,Male,Medium,Medium,Medium,49.6,20.1,Normal
41,Female,Low,High,Medium,39.3,11.3,Combination
28,Female,Low,Low,High,33.1,18.7,Dry
37,Female,Medium,High,Low,55.6,26.2,Oily
55,Male,Medium,Medium,Medium,37.8,24.4,Normal
44,Male,Low,Medium,High,32.8,14.2,Combination
46,Male,High,High,Low,21.5,18.0,Combination
18,Female,Low,High,Medium,74.8,30.7,Combination
18,Female,Low,Low,High,25.4,11.1,Dry
56,Female,High,Medium,Medium,59.2,16.7,Normal
25,Male,Medium,High,Medium,50.2,22.9,Oily
56,Female,Low,Low,High,24.9,18.8,Dry
51,Male,Low,Low,High,31.7,12.4,Dry
26,Female,Low,Low,High,25.7,14.4,Dry
19,Male,Medium,High,Medium,75.0,23.1,Oily
21,Male,Medium,High,Low,65.3,24.4,Oily
43,Female,High,High,High,69.3,27.8,Combination
41,Female,Low,Low,Low,47.1,31.8,Combination
52,Male,Low,Low,High,38.6,16.5,Dry
55,Female,High,Medium,High,55.6,25.1,Combination
56,Male,Medium,Medium,Low,51.0,24.8,Normal
43,Female,Low,Medium,Medium,35.5,27.8,Combination
24,Male,Low,Low,High,22.9,16.8,Dry
47,Male,Low,High,Low,48.1,27.0,Oily
35,Female,Low,Low,Low,46.0,24.4,Combination
20,Female,Medium,Medium,Medium,64.6,15.4,Normal
23,Female,Low,Low,High,26.7,19.5,Dry
51,Male,Medium,High,Medium,55.5,10.8,Combination
38,Male,Low,High,Low,27.3,21.8,Combination
40,Female,Medium,Medium,Medium,37.2,17.2,Normal
53,Male,Low,Low,High,43.2,12.2,Dry
54,Female,Medium,Low,Low,48.4,18.3,Combination
42,Female,Medium,High,Medium,51.9,22.7,Oily
57,Male,Low,Low,High,29.6,19.7,Dry
58,Female,Low,Low,High,26.8,16.8,Dry
56,Female,Medium,High,Medium,76.3,32.5,Combination
41,Female,High,Medium,Low,52.8,23.8,Normal
24,Male,High,Medium,Low,49.4,17.1,Normal
30,Female,Medium,Medium,Medium,62.4,19.8,Normal
21,Male,High,Medium,Medium,56.1,24.1,Normal
25,Male,Medium,Medium,Low,40.9,29.7,Combination
18,Male,High,Medium,Medium,57.7,22.5,Normal
51,Female,Medium,High,Medium,48.9,22.1,Oily
33,Male,Low,Low,High,20.5,16.5,Dry
27,Female,Medium,Medium,Low,54.2,22.6,Normal
58,Female,Medium,High,Medium,54.3,24.8,Oily
49,Female,Low,Low,High,35.0,10.8,Dry
57,Male,High,Medium,Medium,36.5,15.5,Normal
27,Male,Low,Low,High,44.3,13.5,Dry
18,Male,High,Medium,Medium,44.5,22.6,Normal
22,Female,High,High,Medium,49.2,12.7,Combination
40,Female,Low,Low,High,36.5,10.8,Dry
30,Male,Medium,Medium,Low,45.7,18.1,Normal
40,Female,Medium,Medium,Low,54.2,18.5,Normal
52,Male,Medium,Medium,Low,79.6,11.8,Combination
53,Female,Medium,High,Low,68.2,21.1,Oily
26,Female,High,Medium,Medium,60.1,18.4,Normal
59,Female,Low,High,Medium,54.3,27.1,Oily
31,Female,Low,Low,Low,66.9,33.4,Combination
47,Female,Medium,High,Medium,51.4,25.0,Oily
23,Female,Medium,Medium,Medium,37.5,17.3,Normal
43,Male,High,High,High,25.8,28.6,Combination
50,Female,High,High,Medium,28.8,32.8,Combination
38,Female,High,Medium,Medium,46.9,24.7,Normal
39,Male,Medium,High,Low,37.9,16.5,Combination
51,Female,High,Medium,Medium,58.4,20.4,Normal
22,Female,Medium,Medium,Low,38.7,21.4,Normal
33,Male,Low,Low,High,41.7,16.4,Dry
52,Male,High,Medium,Low,63.5,15.3,Normal
24,Female,Low,Low,High,39.8,16.3,Dry
43,Male,Medium,Medium,Medium,36.5,17.8,Normal
28,Female,High,Low,Medium,28.7,13.7,Combination
26,Male,Low,High,Low,20.9,22.6,Combination
54,Female,Low,High,Medium,67.3,26.5,Oily
21,Female,Medium,Low,Low,55.4,28.9,Combination
42,Female,Medium,High,Low,78.4,29.3,Oily
38,Female,Low,Medium,Medium,50.7,23.9,Combination
25,Male,Medium,High,Low,54.3,20.9,Oily
45,Male,Medium,High,Low,60.9,25.1,Oily
55,Male,Low,Low,High,28.1,16.6,Dry
35,Female,High,Medium,Low,62.2,17.7,Normal
29,Male,Medium,Medium,Medium,46.7,31.3,Combination
59,Female,Medium,Medium,Low,54.0,19.6,Normal
24,Male,Low,Low,High,27.5,14.1,Dry
47,Male,High,Medium,Medium,36.2,22.2,Normal
46,Male,Low,High,Low,72.0,29.5,Oily
21,Female,Low,High,Medium,62.8,25.3,Oily
26,Female,Low,High,Low,59.2,28.3,Oily
58,Male,Low,Low,High,25.2,18.2,Dry
20,Male,Low,High,Medium,62.4,22.5,Oily
56,Female,Low,High,Low,74.8,27.9,Oily
25,Female,Medium,High,Medium,56.4,25.1,Oily
32,Female,Medium,Medium,Low,63.8,19.6,Normal
30,Female,Medium,High,Medium,59.4,23.8,Oily
33,Female,Medium,Medium,Low,39.3,17.8,Normal
22,Female,Medium,Medium,Low,36.0,16.1,Normal
36,Female,High,Medium,Low,54.6,16.1,Normal
31,Female,Medium,Medium,Medium,61.9,21.4,Normal
22,Female,High,High,High,52.4,16.0,Combination
30,Male,Low,High,Medium,45.9,26.9,Oily
41,Male,Low,Low,High,22.3,14.3,Dry
43,Male,Medium,Medium,Medium,42.1,10.7,Combination
21,Male,Medium,High,Medium,70.2,27.1,Oily
41,Male,Low,High,Medium,48.6,22.4,Oily
47,Female,Medium,High,Medium,67.9,21.8,Oily
43,Female,Medium,Medium,Low,39.2,22.9,Normal
33,Male,Low,High,Low,79.6,28.5,Oily
48,Female,Low,Low,High,41.0,16.8,Dry
47,Female,Medium,Medium,Medium,56.5,22.8,Normal
34,Male,Low,Low,High,23.3,10.6,Dry
58,Female,High,Medium,Medium,55.4,22.0,Normal
39,Female,Low,Low,High,21.4,12.5,Dry
56,Male,High,Medium,Low,40.2,15.7,Normal
35,Female,Low,Low,High,41.8,10.6,Dry
52,Male,Low,Low,High,41.7,15.1,Dry
41,Female,Medium,Medium,Low,43.7,17.3,Normal
20,Male,Low,High,Medium,47.2,27.4,Oily
41,Female,Low,Medium,Low,54.0,22.0,Combination
18,Male,Medium,Medium,Low,37.4,19.2,Normal
26,Male,Medium,High,Medium,67.2,28.7,Oily
58,Male,Medium,Medium,Medium,55.8,17.7,Normal
43,Female,Low,High,Low,66.8,28.1,Oily
43,Female,Low,Low,High,37.5,15.8,Dry
53,Male,Low,Medium,Medium,68.8,31.8,Combination
39,Male,Low,High,Medium,29.8,21.7,Combination
52,Female,High,Medium,Medium,50.5,17.9,Normal
42,Female,Medium,High,Low,64.1,20.0,Oily
48,Female,Low,Low,High,39.5,10.6,Dry
26,Female,Low,High,Low,48.5,25.7,Oily
58,Female,High,Medium,Low,48.0,15.8,Normal
18,Male,Medium,High,Medium,68.1,28.2,Oily
28,Male,Low,Low,High,32.1,15.9,Dry
47,Male,Medium,Low,Medium,37.1,21.1,Combination
33,Male,Low,High,High,42.1,31.6,Combination
42,Female,Medium,Medium,Low,63.3,23.9,Normal
28,Female,Medium,High,Medium,75.2,20.0,Oily
29,Male,Medium,High,Medium,62.5,26.8,Oily
43,Female,Low,Low,High,34.6,12.5,Dry
58,Female,Low,High,Low,25.7,23.1,Combination
48,Male,Medium,Medium,Low,57.9,24.8,Normal
49,Male,High,Medium,Medium,57.3,19.3,Normal
32,Male,Low,Low,High,34.2,18.7,Dry
58,Female,Medium,High,Low,53.6,27.3,Oily
45,Male,High,Medium,Medium,73.2,20.3,Combination
34,Male,Medium,Medium,Medium,64.0,18.5,Normal
43,Female,Low,Low,Low,78.2,22.4,Combination
58,Female,Low,High,Medium,51.8,21.9,Oily
45,Male,Low,High,Medium,33.0,13.2,Combination
21,Male,Low,Low,High,26.0,10.2,Dry
45,Male,Medium,Medium,Low,59.8,17.4,Normal
35,Female,Low,High,Medium,70.2,26.4,Oily
34,Male,Medium,Medium,Low,60.0,19.5,Normal
25,Male,Low,Low,High,35.9,16.7,Dry
46,Male,High,Medium,Low,58.8,22.9,Normal
38,Male,Medium,Medium,Medium,39.1,18.0,Normal
29,Female,Low,Low,High,41.1,13.9,Dry
48,Female,Low,Low,High,43.4,10.5,Dry
52,Female,High,Medium,High,30.5,23.6,Combination
32,Male,High,High,High,34.3,12.5,Combination
55,Male,High,Medium,Medium,61.9,18.0,Normal
33,Male,High,Low,Medium,77.8,23.7,Combination
43,Male,Medium,Medium,Medium,44.3,15.2,Normal
56,Female,Medium,Medium,Low,53.8,17.4,Normal
35,Female,Low,Low,High,29.3,17.7,Dry
58,Male,Low,High,Medium,52.5,26.6,Oily
34,Female,Medium,High,High,70.7,34.1,Combination
37,Male,Medium,Medium,Low,50.4,18.7,Normal
34,Male,Medium,Medium,Medium,60.6,18.3,Normal
51,Female,Medium,Medium,Low,45.4,18.6,Normal
42,Female,Low,Low,High,41.7,14.3,Dry
41,Male,Low,High,Medium,54.5,23.0,Oily
40,Male,High,Medium,High,33.5,33.0,Combination
32,Male,Medium,High,Medium,66.6,23.7,Oily
28,Female,Medium,Medium,Medium,35.1,23.6,Normal
20,Female,High,Medium,Low,62.0,22.2,Normal
44,Female,Low,High,Medium,56.7,24.4,Oily
37,Female,Low,High,Low,59.7,29.0,Oily
36,Female,Low,High,Medium,68.6,27.0,Oily
20,Male,Medium,Medium,Low,67.9,23.4,Combination
19,Female,Medium,High,Medium,72.8,21.9,Oily
57,Female,Low,Low,High,20.8,19.4,Dry
57,Male,Low,Low,High,30.1,10.2,Dry
46,Male,High,Medium,Low,49.6,23.8,Normal
44,Male,Medium,Medium,Medium,44.1,15.1,Normal
23,Male,Medium,Medium,Medium,48.7,20.5,Normal
34,Male,Low,Low,High,31.2,16.2,Dry
59,Male,Medium,High,Medium,51.4,23.4,Oily
39,Female,Medium,Medium,Low,43.0,21.8,Normal
48,Male,High,Medium,Medium,46.5,22.5,Normal
18,Female,High,Low,Low,20.4,17.2,Combination
59,Male,Low,Low,High,28.3,19.1,Dry
58,Male,Low,High,Medium,79.6,21.6,Oily
21,Female,High,Medium,Low,37.2,23.8,Normal
26,Female,High,Medium,Low,62.1,19.8,Normal
41,Female,Medium,High,Medium,70.0,26.4,Oily
33,Male,Low,High,Low,69.9,29.5,Oily
43,Male,Medium,Medium,Low,41.6,15.9,Normal
26,Female,Medium,Medium,Medium,37.0,17.2,Normal
28,Male,Low,Low,High,39.9,13.7,Dry
44,Female,Medium,Medium,Medium,51.8,20.1,Normal
40,Female,Medium,High,Medium,59.7,28.2,Oily
34,Female,Low,Low,High,40.6,12.7,Dry
39,Male,Medium,High,Medium,51.2,27.1,Oily
35,Male,Low,High,Low,76.3,22.2,Oily
31,Female,Medium,High,Low,73.7,22.7,Oily
35,Female,Low,Medium,High,55.7,27.6,Combination
39,Male,Low,High,Medium,36.9,19.2,Combination
42,Male,Low,High,Medium,77.1,34.2,Combination
33,Female,Low,Low,High,20.0,12.1,Dry
42,Female,Medium,Low,Medium,31.5,32.4,Combination
40,Male,High,Low,High,36.1,26.1,Combination
50,Male,Low,Medium,Medium,21.1,16.2,Combination
56,Female,Medium,Medium,Low,40.6,19.8,Normal
34,Male,Low,Low,High,20.8,13.9,Dry
25,Male,High,Medium,Medium,55.0,21.1,Normal
59,Female,High,Medium,Low,48.0,21.5,Normal
38,Male,Low,High,Low,69.9,28.7,Oily
25,Female,Low,Medium,Low,42.8,30.6,Combination
20,Female,High,Medium,Low,41.1,18.7,Normal
37,Male,Low,High,Medium,45.5,26.0,Oily
33,Female,High,Medium,Low,55.2,17.1,Normal
19,Male,Low,Low,High,27.7,11.6,Dry
21,Male,High,Low,Medium,35.5,25.7,Combination
31,Male,High,Low,Medium,63.8,27.8,Combination
30,Male,Low,Low,High,30.5,18.6,Dry
48,Female,Low,High,Low,59.7,28.4,Oily
36,Male,Low,Low,High,43.5,10.2,Dry
29,Male,High,Medium,Medium,45.9,21.0,Normal
33,Female,Low,High,Low,66.8,25.1,Oily
26,Female,Low,Low,High,22.5,11.1,Dry
20,Male,Medium,High,Medium,52.8,28.1,Oily
33,Female,High,Low,Medium,48.3,13.0,Combination
34,Female,Medium,High,Medium,74.7,20.1,Oily
41,Male,High,High,Low,25.9,34.0,Combination
29,Male,Medium,High,Medium,70.7,20.8,Oily
35,Male,Low,High,Medium,74.0,26.7,Oily
24,Male,Low,Low,High,41.4,15.1,Dry
32,Female,Low,Low,High,40.7,15.7,Dry
47,Male,Low,High,Low,77.1,22.9,Oily
41,Male,High,Low,Low,41.3,18.6,Combination
27,Male,High,Medium,Medium,38.7,15.9,Normal
36,Female,Low,High,Medium,47.4,29.2,Oily
18,Male,Low,Low,High,29.9,12.7,Dry
45,Female,Medium,High,Medium,65.8,21.5,Oily
26,Male,High,Medium,High,21.2,26.6,Combination
54,Male,High,High,Low,79.2,17.7,Combination
47,Male,Low,Low,High,24.5,18.7,Dry
18,Female,Medium,High,Low,58.2,29.4,Oily
27,Female,Medium,High,Low,50.4,23.9,Oily
46,Male,Low,Low,High,27.2,14.1,Dry
58,Male,High,Medium,Low,72.8,18.9,Combination
36,Female,Low,High,Medium,73.5,26.8,Oily
56,Male,Low,Low,High,22.4,18.5,Dry
36,Female,Low,Low,High,44.5,19.5,Dry
34,Male,Medium,High,Medium,62.5,24.6,Oily
22,Female,High,Low,Medium,45.7,32.1,Combination
29,Male,Medium,Medium,Low,53.9,20.5,Normal
26,Female,High,Medium,Low,55.7,23.7,Normal
53,Male,High,Medium,Medium,70.7,20.9,Combination
27,Male,Low,Medium,Low,43.1,34.0,Combination
23,Male,High,Low,Medium,30.1,17.1,Combination
31,Male,Medium,Medium,Low,56.0,16.8,Normal
33,Male,High,Medium,Medium,50.3,20.7,Normal
52,Male,Low,Low,High,28.8,12.6,Dry
59,Male,Medium,High,Medium,59.6,26.4,Oily
59,Female,Low,Low,High,20.4,12.2,Dry
40,Female,Low,Low,High,44.2,13.7,Dry
26,Male,Medium,High,Low,53.5,20.4,Oily
20,Female,Low,High,Medium,54.4,27.1,Oily
41,Male,Low,Medium,Medium,58.8,26.6,Combination
42,Female,Low,High,Low,66.6,22.9,Oily
54,Male,Low,Low,High,35.6,10.5,Dry
31,Female,High,High,High,49.1,16.0,Combination
39,Male,Low,Medium,Medium,75.4,31.3,Combination
40,Female,Low,Low,High,26.4,12.6,Dry
58,Male,High,Medium,Medium,36.2,20.0,Normal
58,Male,Medium,High,Medium,51.1,27.1,Oily
33,Male,Medium,Medium,Low,55.8,23.3,Normal
54,Female,Medium,Medium,Medium,45.6,22.6,Normal
18,Female,Low,High,Low,77.3,28.0,Oily
57,Female,Low,Low,High,34.9,16.5,Dry
55,Female,Medium,High,Low,67.7,25.7,Oily
33,Female,High,Medium,Low,44.2,19.5,Normal
43,Female,High,Medium,Medium,53.3,21.4,Normal
57,Male,Medium,Medium,Low,54.8,16.1,Normal
58,Female,Low,Low,High,35.4,13.3,Dry
58,Male,Medium,High,Low,53.2,27.7,Oily
29,Male,Low,Low,Medium,64.9,15.5,Combination
45,Female,Medium,Low,Low,43.3,18.9,Combination
54,Male,Medium,Medium,Low,64.1,23.6,Normal
32,Female,High,Medium,Low,38.6,15.1,Normal
48,Male,Low,Low,High,28.3,14.5,Dry
50,Female,Low,High,Medium,46.7,15.6,Combination
34,Male,Medium,High,Medium,39.0,30.9,Combination
53,Female,High,Low,High,26.6,30.5,Combination
48,Female,High,High,Low,79.4,16.6,Combination
57,Female,Low,High,Medium,75.9,28.8,Oily
57,Female,Medium,Medium,Medium,35.3,16.6,Normal
55,Female,Low,Low,High,36.9,11.5,Dry
56,Female,High,Medium,Medium,63.9,15.8,Normal
53,Female,Low,Low,High,27.9,10.9,Dry
29,Female,Low,High,Low,44.8,15.6,Combination
38,Male,Medium,Medium,Low,35.2,24.2,Normal
18,Female,High,Medium,Medium,62.6,20.7,Normal
52,Female,High,Medium,Medium,37.7,22.4,Normal
48,Male,Low,Low,High,32.6,13.4,Dry
25,Female,High,Medium,Low,64.0,22.7,Normal
41,Male,Medium,High,Medium,69.3,23.0,Oily
20,Male,Low,Low,High,34.9,10.9,Dry
23,Male,Medium,High,Medium,79.1,24.4,Oily
25,Female,Low,Low,Medium,38.0,16.8,Combination
54,Female,High,Medium,Medium,36.1,22.0,Normal
54,Female,Low,Low,High,38.5,14.6,Dry
38,Female,Low,Low,High,36.9,16.7,Dry
32,Male,Medium,High,Low,47.1,23.9,Oily
53,Male,Low,High,Low,57.1,24.9,Oily
53,Female,Low,High,Low,68.2,20.7,Oily
32,Male,High,Medium,Medium,57.1,15.2,Normal
48,Female,Medium,Medium,Low,52.1,24.3,Normal
57,Male,Low,Low,High,20.4,11.6,Dry
38,Male,High,Medium,Medium,62.1,17.9,Normal
29,Female,Low,Medium,Low,44.1,15.5,Combination
34,Female,Medium,High,Low,76.4,29.1,Oily
42,Female,High,Medium,Low,40.5,23.6,Normal
53,Male,Medium,Medium,Low,38.2,16.4,Normal
34,Female,Medium,High,Low,72.6,22.6,Oily
59,Male,Medium,High,Low,45.6,20.6,Oily
35,Male,Low,High,Medium,71.1,20.3,Oily
40,Female,Low,Low,High,32.7,17.1,Dry
31,Female,Low,Low,High,22.6,11.5,Dry
35,Male,Low,Low,High,21.8,13.7,Dry
30,Female,Medium,Medium,Low,62.8,18.8,Normal
42,Female,Medium,High,Medium,65.8,25.5,Oily
32,Female,Medium,Low,Medium,24.8,21.0,Combination
23,Male,Medium,High,Low,72.3,22.4,Oily
22,Male,Low,Low,High,22.2,11.9,Dry
42,Female,Medium,Medium,Medium,36.6,17.0,Normal
58,Male,Medium,High,Low,78.1,27.6,Oily
30,Male,High,Low,Low,77.2,26.1,Combination
59,Female,Low,High,Medium,50.9,20.6,Oily
33,Male,Low,Low,High,29.5,16.9,Dry
51,Female,Low,High,Low,52.0,28.2,Oily
18,Male,Low,Low,Medium,55.4,22.5,Combination
55,Female,Medium,High,Low,71.5,19.3,Combination
19,Female,Medium,High,Low,49.8,28.0,Oily
57,Female,Medium,High,Low,48.4,28.9,Oily
58,Male,Low,High,Medium,71.0,23.2,Oily
21,Female,Low,High,Low,57.1,23.5,Oily
34,Female,High,Medium,Medium,35.5,12.8,Combination
44,Male,High,Medium,Low,62.0,20.7,Normal
38,Male,Low,Low,High,24.2,10.5,Dry
28,Male,Low,High,Low,46.3,27.5,Oily
25,Male,Low,High,Medium,77.6,23.4,Oily
42,Female,Medium,High,Low,69.9,28.6,Oily
24,Female,Medium,Medium,Medium,45.7,23.3,Normal
38,Female,Low,Low,High,34.3,14.0,Dry
38,Male,High,Low,Low,72.4,27.4,Combination
26,Male,High,Medium,Low,58.7,24.3,Normal
39,Female,Low,Low,High,34.4,13.5,Dry
29,Male,Medium,Medium,Low,34.9,14.1,Combination
33,Female,Low,Low,High,39.2,12.3,Dry
24,Male,Low,Low,High,42.5,19.6,Dry
53,Female,Medium,High,Low,69.8,17.7,Combination
24,Male,Medium,Medium,Medium,40.0,21.6,Normal
52,Male,High,Medium,Medium,56.2,24.0,Normal
23,Male,Low,High,Medium,71.9,24.4,Oily
37,Male,Low,Low,High,40.2,15.0,Dry
19,Female,High,Low,Low,42.0,13.7,Combination
34,Female,Medium,Medium,Medium,36.9,17.7,Normal
58,Female,Low,Low,High,38.4,16.9,Dry
59,Male,High,Medium,Low,54.2,13.2,Combination
58,Female,Medium,Low,Medium,56.0,29.4,Combination
31,Female,Medium,Medium,Low,42.1,21.8,Normal
29,Female,High,Medium,Low,56.2,23.6,Normal
59,Male,Medium,High,Medium,60.7,20.8,Oily
23,Male,Medium,High,Low,20.5,31.1,Combination
49,Female,Low,Low,High,22.4,19.9,Dry
49,Female,Medium,High,Medium,62.2,29.9,Oily
42,Female,Low,High,Low,77.4,29.1,Oily
31,Female,Medium,Medium,Medium,36.6,20.6,Normal
51,Male,Medium,Medium,Low,57.3,18.4,Normal
54,Female,High,Medium,Medium,62.1,19.9,Normal
39,Male,Medium,Low,High,67.6,15.8,Combination
37,Male,Medium,High,Medium,69.8,29.8,Oily
30,Male,Medium,High,Low,50.0,27.1,Oily
51,Female,Low,Low,Medium,25.2,12.9,Combination
36,Female,Low,High,Low,69.6,25.6,Oily
53,Male,High,Low,Medium,41.9,16.0,Combination
19,Male,Medium,Medium,Low,43.2,30.3,Combination
40,Female,Low,High,Low,58.8,23.5,Oily
42,Female,High,Low,Low,40.3,14.8,Combination
51,Male,Medium,High,Low,67.3,22.4,Oily
47,Female,Low,Low,High,44.4,13.5,Dry
23,Male,Low,High,Low,68.8,29.1,Oily
57,Female,Low,Low,High,35.1,19.9,Dry
33,Female,Medium,Low,Medium,34.1,33.4,Combination
37,Female,Low,High,Low,59.8,28.3,Oily
18,Female,Medium,High,Medium,76.9,27.7,Oily
27,Female,Low,High,Low,73.5,20.8,Oily
48,Female,Low,Low,High,28.6,14.6,Dry
57,Female,Medium,Medium,Medium,51.3,22.8,Normal
45,Female,Medium,Medium,Low,62.0,18.4,Normal
42,Male,High,Low,High,75.5,29.8,Combination
51,Female,High,Medium,Medium,59.4,24.3,Normal
55,Female,Medium,Medium,Low,46.1,18.0,Normal
41,Male,Low,High,Low,62.1,28.8,Oily
22,Male,Low,Low,High,29.7,10.4,Dry
38,Male,Low,High,High,47.6,20.2,Combination
44,Female,High,High,Medium,25.5,30.8,Combination
56,Female,Medium,High,Medium,65.4,21.5,Oily
57,Female,Medium,High,Medium,77.6,24.9,Oily
22,Female,Medium,Medium,Low,58.2,22.4,Normal
55,Female,Low,High,Low,67.3,23.1,Oily
34,Male,Medium,High,Medium,70.4,25.8,Oily
30,Male,Low,Low,High,30.7,14.6,Dry
51,Male,Low,High,Low,66.8,22.9,Oily
56,Female,Low,Low,High,37.3,13.5,Dry
41,Male,High,Low,Low,28.0,13.1,Combination
32,Male,High,Low,High,25.0,12.0,Combination
58,Female,Medium,Medium,Medium,37.1,18.7,Normal
53,Female,Medium,Medium,Low,56.3,15.1,Normal
22,Female,Low,Low,High,28.8,18.8,Dry
57,Male,Low,High,Medium,68.1,25.5,Oily
26,Female,Medium,High,Low,51.1,22.0,Oily
45,Male,Low,Low,High,26.3,19.1,Dry
28,Male,Low,High,Low,44.4,30.3,Combination
48,Female,High,Medium,Medium,44.6,22.6,Normal
40,Male,Low,High,Medium,57.4,25.3,Oily
20,Female,Low,Low,High,39.1,19.5,Dry
56,Male,Low,Low,High,34.6,10.4,Dry
36,Male,Low,High,Low,58.8,26.9,Oily
43,Male,Low,High,Medium,55.5,13.0,Combination
41,Female,Medium,Low,High,39.7,13.1,Combination
31,Male,High,Low,Low,61.9,23.9,Combination
43,Male,Low,Low,High,35.4,15.3,Dry
23,Female,Low,Low,High,31.3,16.0,Dry
48,Male,Low,Low,High,29.8,19.1,Dry
37,Female,Low,Low,High,27.7,11.7,Dry
28,Female,Low,High,Low,63.0,27.9,Oily
25,Male,Low,Low,High,23.7,11.3,Dry
25,Female,High,Medium,Low,49.5,22.6,Normal
36,Male,Low,Medium,High,27.8,15.2,Combination
50,Male,Medium,Low,Medium,64.6,33.3,Combination
38,Female,Medium,Medium,Low,51.0,20.7,Normal
41,Female,Medium,Medium,Medium,35.2,21.2,Normal
19,Female,Low,Medium,Low,37.3,26.6,Combination
44,Male,Low,Low,High,44.0,17.3,Dry
51,Male,Medium,Medium,Medium,53.7,16.4,Normal
24,Male,Low,Low,High,35.1,14.9,Dry
19,Male,Medium,High,Low,47.9,29.0,Oily
35,Male,Low,Low,High,44.7,18.4,Dry
53,Female,Medium,High,Medium,77.8,25.2,Oily
54,Female,Low,Low,High,25.0,10.0,Dry
24,Male,High,Medium,Medium,61.2,19.2,Normal
45,Male,Low,Low,High,34.5,10.9,Dry
50,Female,Low,Low,High,28.5,15.4,Dry
49,Female,Medium,High,Medium,67.3,24.2,Oily
35,Female,Low,Low,High,35.3,12.8,Dry
46,Female,Low,Low,Low,35.7,16.7,Combination
40,Female,Low,High,Low,77.4,28.2,Oily
44,Male,Low,Low,High,38.9,13.6,Dry
18,Male,Low,Medium,High,55.7,13.8,Combination
59,Female,High,Medium,Medium,31.6,34.3,Combination
48,Male,Low,Low,High,45.0,19.2,Dry
43,Male,High,Low,Medium,77.9,34.7,Combination
27,Female,Low,Low,High,42.6,14.4,Dry
44,Male,Medium,Medium,Low,59.0,16.8,Normal
49,Male,Low,Low,Medium,71.5,32.2,Combination
26,Female,High,Low,Low,45.0,15.2,Combination
19,Male,Medium,High,Low,75.6,26.1,Oily
59,Male,Medium,Medium,Low,38.3,18.8,Normal
46,Female,Medium,Medium,Medium,49.1,22.6,Normal
42,Female,High,High,Low,52.5,30.7,Combination
57,Female,Low,Low,High,22.9,17.0,Dry
52,Male,Low,Low,High,32.8,11.5,Dry
40,Male,Low,High,Low,79.3,25.0,Oily
50,Male,Low,Low,High,32.9,18.2,Dry
39,Female,Low,High,Medium,61.2,24.8,Oily
26,Female,Low,Low,High,38.3,15.4,Dry
46,Female,High,Medium,Low,47.9,15.0,Normal
32,Male,Medium,Medium,Low,45.0,15.5,Normal
28,Male,High,Medium,Medium,37.8,24.1,Normal
33,Female,Low,Low,High,25.8,15.2,Dry
24,Female,Low,Low,High,41.1,14.4,Dry
28,Male,High,Medium,Medium,58.8,17.3,Normal
32,Female,Low,Low,High,29.0,16.6,Dry
42,Female,Low,High,Low,75.2,25.3,Oily
45,Male,Low,Low,High,33.8,18.3,Dry
32,Male,Medium,High,High,75.0,28.9,Combination
25,Female,Low,High,Medium,60.3,23.3,Oily
54,Female,High,Medium,Low,55.6,24.9,Normal
31,Male,Low,High,Low,58.8,22.7,Oily
43,Male,Low,Low,High,31.5,11.3,Dry
52,Male,Medium,High,Medium,55.0,20.2,Oily
24,Male,Low,High,Low,76.5,24.6,Oily
23,Female,Medium,Medium,Medium,58.2,31.9,Combination
42,Male,Low,Low,High,29.2,17.0,Dry
34,Female,Low,Low,High,31.3,17.9,Dry
39,Female,Low,High,Low,50.7,29.6,Oily
59,Male,Medium,Medium,Medium,45.4,19.3,Normal
26,Female,Medium,Medium,Low,51.4,15.9,Normal
19,Female,Low,Low,High,37.0,17.0,Dry
52,Male,Low,Low,Medium,29.4,19.2,Combination
49,Female,Medium,Medium,Low,56.4,18.0,Normal
22,Female,Medium,Medium,Medium,39.0,22.0,Normal
21,Male,Low,High,Medium,75.6,26.1,Oily
50,Female,Low,Low,High,27.1,11.0,Dry
29,Female,High,Medium,Low,42.3,24.1,Normal
35,Male,Medium,Low,Low,37.4,16.2,Combination
56,Male,Medium,Medium,Medium,30.4,10.2,Combination
18,Male,Low,Medium,High,72.6,20.6,Combination
28,Female,Low,Low,High,25.4,15.5,Dry
50,Male,High,Medium,Medium,22.7,32.5,Combination
19,Male,Low,Low,High,41.6,15.2,Dry
18,Male,Medium,Medium,Low,39.0,24.9,Normal
38,Male,Low,Low,High,43.2,11.1,Dry
28,Female,Medium,Low,Low,49.5,22.6,Combination
30,Female,Medium,Medium,Low,49.7,20.0,Normal
36,Male,Low,Low,High,23.3,14.3,Dry
31,Female,High,Medium,Medium,63.5,21.7,Normal
52,Male,High,Medium,High,75.1,18.2,Combination
58,Male,Medium,High,High,62.7,30.7,Combination
30,Male,High,Medium,Medium,46.9,17.1,Normal
18,Male,Medium,High,Medium,79.0,28.4,Oily
25,Male,Low,Low,High,41.2,18.6,Dry
44,Male,Low,High,Low,50.6,23.4,Oily
34,Female,Low,Low,High,33.4,14.6,Dry
58,Female,Low,Low,High,23.1,18.9,Dry
52,Female,Low,High,Low,70.3,27.0,Oily
23,Female,High,Medium,Low,74.4,11.5,Combination
55,Female,Low,Low,High,39.3,15.1,Dry
50,Male,Medium,Medium,High,71.4,17.4,Combination
44,Female,Low,Low,High,40.1,19.1,Dry
36,Male,Medium,Medium,Low,49.9,21.9,Normal
26,Female,Medium,Medium,Medium,63.6,19.9,Normal
20,Female,High,Low,Medium,29.8,18.9,Combination
36,Male,High,Medium,Medium,21.4,19.9,Combination
29,Male,Low,High,Medium,52.7,29.1,Oily
20,Male,Low,Low,High,29.8,14.4,Dry
35,Female,Low,Low,High,27.2,10.8,Dry
51,Male,Medium,High,Low,72.7,27.5,Oily
21,Female,Low,Low,High,21.9,14.4,Dry
18,Female,Medium,High,Low,69.0,29.7,Oily
42,Male,Medium,Medium,High,70.0,19.6,Combination
26,Female,Low,Low,High,33.6,18.8,Dry
37,Female,Medium,Medium,Medium,47.2,16.0,Normal
18,Male,Low,Medium,Low,72.2,25.1,Combination
43,Male,Low,Low,High,30.7,15.7,Dry
37,Female,Low,Low,High,23.0,19.7,Dry
49,Female,Low,High,Medium,41.5,25.6,Combination
45,Female,Low,High,Low,46.5,22.9,Oily
37,Female,Low,Low,High,20.8,19.6,Dry
46,Female,Low,High,Medium,51.9,26.2,Oily
41,Female,High,Medium,Low,51.8,21.7,Normal
42,Male,Low,Medium,Medium,42.9,26.5,Combination
34,Female,High,Medium,Medium,48.7,21.8,Normal
41,Male,Low,Medium,Medium,36.1,22.8,Combination
30,Female,Medium,Medium,Medium,63.4,21.9,Normal
51,Male,High,Medium,Medium,59.6,21.9,Normal
53,Female,Low,High,Low,46.8,23.9,Oily
42,Female,Medium,Low,High,45.5,28.1,Combination
44,Male,Medium,High,Medium,75.1,20.9,Oily
51,Female,Low,Low,High,26.0,17.9,Dry
59,Male,Low,High,Low,60.4,23.6,Oily
37,Male,Low,High,Medium,45.1,11.3,Combination
53,Female,Low,Low,High,23.9,19.8,Dry
23,Female,Low,High,Medium,57.2,23.4,Oily
52,Male,Medium,High,High,51.5,18.7,Combination
38,Female,Medium,High,Medium,46.8,17.5,Combination
44,Female,Low,Low,High,33.1,18.1,Dry
27,Female,Low,Medium,Low,35.2,16.6,Combination
49,Female,Medium,High,High,22.9,24.7,Combination
30,Female,Medium,Medium,Low,57.4,18.4,Normal
36,Female,Medium,High,Medium,25.5,17.9,Combination
39,Male,Medium,Medium,Medium,58.3,21.5,Normal
59,Female,Low,High,Low,78.2,29.9,Oily
52,Female,High,Low,Medium,55.6,10.4,Combination
59,Female,High,Medium,Medium,51.3,24.6,Normal
38,Male,Low,Low,High,35.7,13.4,Dry
50,Male,Low,Low,High,39.1,14.0,Dry
49,Female,Low,Low,High,36.7,10.7,Dry
19,Female,Low,Low,High,25.5,18.1,Dry
34,Female,High,Medium,Medium,38.1,19.0,Normal
49,Female,Low,Low,High,24.5,11.0,Dry
55,Male,High,Medium,Low,63.4,22.3,Normal
47,Male,High,Medium,Medium,42.1,32.7,Combination
55,Female,Low,Low,High,23.2,12.9,Dry
36,Female,Medium,High,Low,60.2,24.5,Oily
38,Female,Low,Low,High,24.0,12.0,Dry
59,Male,Medium,Medium,Medium,58.4,33.3,Combination
58,Female,Medium,High,Low,62.8,26.0,Oily
46,Male,Medium,High,High,41.7,27.8,Combination
56,Male,Low,Medium,Low,54.1,22.2,Combination
26,Male,Low,High,Medium,70.3,27.9,Oily
44,Male,Low,Low,High,25.6,11.0,Dry
26,Female,Low,High,Medium,47.2,27.9,Oily
24,Female,Low,Low,High,36.8,17.4,Dry
36,Female,Low,Low,High,32.5,14.6,Dry
22,Female,Low,Low,High,20.1,16.8,Dry
58,Female,High,Medium,Medium,44.4,24.5,Normal
32,Male,Medium,Medium,Low,49.3,21.2,Normal
20,Male,Low,Low,High,22.6,11.6,Dry
51,Female,High,Medium,Low,39.0,17.7,Normal
32,Male,Low,Low,High,39.4,14.7,Dry
28,Female,High,Low,Medium,30.4,22.9,Combination
46,Female,Low,Low,High,28.5,10.2,Dry
21,Male,Medium,Medium,Low,56.4,15.7,Normal
57,Male,Low,Low,High,32.3,12.8,Dry
27,Male,Medium,Medium,Medium,60.7,21.5,Normal
47,Male,Low,Low,High,25.4,18.6,Dry
58,Male,Low,Low,High,26.4,10.2,Dry
55,Male,Low,Low,High,25.9,13.1,Dry
25,Male,Medium,Medium,Low,54.1,22.1,Normal
25,Male,Low,High,Low,74.3,28.8,Oily
53,Female,Low,Low,High,40.6,13.1,Dry
20,Female,Medium,Medium,Low,57.3,15.2,Normal
57,Female,Low,Low,High,20.4,13.7,Dry
23,Male,Low,Low,High,38.0,10.4,Dry
41,Male,High,Low,High,24.3,23.2,Combination
54,Female,Medium,High,Low,64.8,25.3,Oily
31,Male,Medium,Medium,Low,63.7,18.7,Normal
27,Female,Medium,Medium,Medium,42.0,24.4,Normal
39,Male,Medium,High,Low,79.6,21.7,Oily
47,Female,High,Medium,Low,41.7,22.2,Normal
44,Female,High,Medium,Medium,50.5,22.8,Normal
53,Male,Low,High,Medium,71.9,28.6,Oily
27,Male,Low,High,Low,49.6,21.3,Oily
29,Male,Low,High,Medium,62.1,28.6,Oily
57,Male,High,Medium,Low,63.2,19.6,Normal
43,Male,Medium,Medium,Low,35.1,17.6,Normal
55,Female,High,Medium,Medium,35.9,19.9,Normal
22,Female,High,Medium,Medium,52.5,24.0,Normal
30,Female,Low,Low,High,20.8,15.6,Dry
44,Male,Medium,Medium,Medium,35.1,15.6,Normal
23,Female,Medium,Medium,Medium,57.0,19.6,Normal
33,Female,Medium,Medium,Low,54.7,23.5,Normal
32,Female,Low,Low,High,32.2,11.2,Dry
41,Male,Low,Low,High,31.5,17.0,Dry
48,Male,Medium,Medium,Medium,46.8,17.9,Normal
43,Male,Low,Low,High,39.9,10.8,Dry
55,Male,Low,Low,High,35.2,18.0,Dry
44,Male,Low,Low,High,37.7,18.8,Dry
20,Female,Low,Low,High,37.1,13.0,Dry
39,Male,Low,High,Low,55.8,24.7,Oily
39,Male,Low,High,Medium,52.4,20.6,Oily
18,Male,Medium,Medium,Medium,59.8,24.2,Normal
28,Female,Low,Low,High,22.3,15.7,Dry
45,Male,Low,High,Low,47.1,21.7,Oily
40,Female,Medium,High,Low,56.5,24.5,Oily
55,Male,Medium,High,Medium,72.3,26.9,Oily
40,Male,High,Medium,Medium,35.8,22.1,Normal
29,Female,Medium,Medium,Medium,61.4,18.8,Normal
25,Female,Low,Low,High,34.4,18.8,Dry
35,Male,High,Medium,Medium,37.7,21.6,Normal
52,Male,Low,High,Medium,51.3,28.6,Oily
42,Male,High,Medium,Medium,38.7,22.7,Normal
40,Male,Medium,High,Medium,70.9,25.5,Oily
18,Male,Medium,Medium,Low,40.3,24.3,Normal
46,Female,Low,Low,High,44.3,18.8,Dry
21,Female,Medium,High,Medium,79.6,24.0,Oily
24,Female,Low,Low,High,33.0,11.0,Dry
57,Male,High,Medium,Medium,35.5,23.5,Normal
33,Male,Low,High,Medium,77.0,14.0,Combination
43,Male,Low,Low,High,43.9,14.3,Dry
50,Female,High,High,Medium,72.7,33.2,Combination
35,Female,Medium,Medium,Medium,61.2,16.4,Normal
59,Female,Medium,High,Medium,65.4,21.3,Oily
37,Male,Medium,Medium,Low,57.5,19.8,Normal
35,Female,Medium,High,Medium,60.0,26.2,Oily
34,Male,Medium,High,Medium,65.9,26.6,Oily
27,Female,Low,Low,High,39.2,15.4,Dry
35,Male,Low,Low,High,44.0,19.1,Dry
42,Female,High,Medium,Medium,60.3,15.1,Normal
32,Female,Low,High,Low,73.9,22.8,Oily
25,Male,Low,Low,High,39.2,17.1,Dry
37,Female,Medium,Medium,Medium,41.7,21.2,Normal
58,Male,High,Low,Medium,41.7,14.4,Combination
50,Male,Low,Low,High,48.4,12.0,Combination
30,Female,Low,High,Low,56.3,22.0,Oily
43,Male,Low,High,Medium,66.3,27.7,Oily
22,Male,High,Low,Medium,63.9,30.8,Combination
37,Female,Medium,High,Medium,65.1,23.8,Oily
39,Male,Low,Low,High,44.1,11.3,Dry
54,Male,High,Medium,Low,57.1,25.0,Normal
31,Male,Medium,Medium,Low,62.7,18.8,Normal
19,Female,Low,Low,High,34.9,19.8,Dry
39,Female,Medium,High,Low,70.0,30.0,Oily
28,Female,Low,Low,High,22.9,12.3,Dry
29,Female,Low,High,Low,73.0,20.5,Oily
40,Female,Low,Low,High,24.1,13.1,Dry
55,Male,Medium,High,Medium,63.9,24.9,Oily
27,Female,Low,Low,High,33.3,16.0,Dry
51,Male,Low,High,Low,76.0,25.2,Oily
45,Female,Low,High,Low,68.6,21.0,Oily
54,Female,Medium,Medium,Low,51.1,13.0,Combination
38,Male,Low,High,Low,69.0,25.0,Oily
25,Male,Low,Low,High,25.7,17.8,Dry
43,Male,Low,Low,High,23.0,16.9,Dry
41,Female,Medium,Medium,Medium,42.5,25.7,Combination
46,Female,Low,High,Medium,56.7,27.1,Oily
48,Female,Medium,Medium,Low,60.4,17.1,Normal
40,Female,Medium,Medium,Low,65.0,22.7,Normal
29,Male,Medium,High,Medium,45.3,22.2,Oily
41,Male,Low,High,Medium,68.3,20.1,Oily
43,Female,Low,Medium,High,70.6,34.7,Combination
45,Female,High,Low,High,72.9,32.2,Combination
20,Male,High,Medium,Medium,62.5,21.7,Normal
37,Male,Medium,Medium,Low,79.1,16.2,Combination
33,Male,Medium,Medium,Low,57.8,21.9,Normal
26,Male,Low,High,Low,37.3,27.3,Combination
58,Male,Low,Low,High,39.6,18.8,Dry
47,Male,Low,Low,High,26.8,10.5,Dry
33,Female,Medium,Medium,High,54.4,13.9,Combination
41,Male,Low,Low,High,60.0,13.6,Combination
29,Female,Medium,High,Medium,56.5,12.6,Combination
38,Male,Low,Low,High,28.7,11.9,Dry
53,Male,Low,Medium,Medium,55.0,28.9,Combination
49,Female,Medium,High,Low,71.0,20.0,Oily
56,Male,Low,Low,High,30.7,18.8,Dry
34,Male,High,Medium,Low,54.7,16.9,Normal
31,Female,High,Medium,Medium,45.5,19.0,Normal
22,Female,Medium,Medium,Medium,64.0,20.6,Normal
33,Female,Medium,High,Low,77.6,29.6,Oily
33,Male,Medium,Medium,Low,50.9,15.8,Normal
36,Male,Medium,Medium,Low,43.1,16.8,Normal
56,Female,Low,High,Medium,63.5,28.8,Oily
37,Male,Low,Low,High,39.0,18.9,Dry
57,Male,Medium,Medium,Medium,33.2,34.9,Combination
47,Male,Low,Low,High,26.3,19.9,Dry
20,Male,Low,Medium,High,47.2,31.3,Combination
45,Male,High,Medium,Medium,63.3,24.8,Normal
47,Male,Medium,Medium,Medium,36.8,18.1,Normal
33,Male,High,Medium,Medium,65.7,31.2,Combination
39,Male,High,High,Low,78.9,15.7,Combination
22,Female,Low,Medium,Medium,44.2,12.1,Combination
43,Female,Low,High,Low,65.1,20.3,Oily
40,Female,High,High,High,32.3,28.9,Combination
59,Female,Low,High,Low,72.5,27.0,Oily
26,Male,Medium,Medium,Medium,53.9,16.9,Normal
49,Male,Medium,High,Low,72.6,23.8,Oily
23,Male,Medium,High,Medium,68.0,13.2,Combination
41,Female,Low,Low,High,39.8,16.4,Dry
37,Female,Medium,High,Medium,52.4,27.0,Oily
58,Female,Low,Low,High,35.8,19.1,Dry
40,Female,Medium,Medium,Medium,20.9,18.1,Combination
45,Female,Low,Low,High,35.8,14.9,Dry
22,Female,Medium,Medium,Medium,57.1,20.2,Normal
46,Male,Medium,Medium,Medium,52.8,16.6,Normal
58,Female,Low,Low,High,24.8,19.0,Dry
26,Male,Medium,Medium,Low,61.4,20.4,Normal
49,Male,Medium,High,Low,57.9,15.2,Combination
19,Female,Low,Low,High,29.4,11.2,Dry
25,Female,Low,High,Low,67.2,28.2,Oily
55,Male,Low,Low,High,28.7,11.2,Dry
25,Female,Low,Medium,High,74.6,13.8,Combination
26,Male,Medium,High,Low,57.2,24.0,Oily
20,Male,High,High,Medium,62.7,28.1,Combination
49,Male,Medium,Low,Low,68.1,14.5,Combination
55,Male,Low,Low,High,44.3,15.1,Dry
32,Male,Medium,High,Low,77.1,23.3,Oily
36,Male,High,Low,Low,30.3,10.7,Combination
23,Male,Low,High,Medium,63.5,20.1,Oily
35,Female,Low,Low,High,45.0,15.0,Dry
18,Male,Low,Low,High,40.8,18.2,Dry
37,Female,Low,Low,High,37.0,14.6,Dry
44,Female,High,Medium,Low,42.6,21.4,Normal
46,Female,Medium,High,Low,45.5,23.5,Oily
26,Female,Medium,Medium,Medium,52.3,22.7,Normal
25,Male,High,Medium,Low,49.6,16.1,Normal
23,Female,Medium,Medium,Low,45.2,17.7,Normal
33,Male,Medium,Medium,Medium,59.3,21.8,Normal
53,Female,Low,Low,High,44.1,16.8,Dry
42,Female,Low,Low,High,32.2,18.8,Dry
58,Female,Medium,Medium,Low,42.3,22.9,Normal
24,Male,Low,Medium,Medium,24.5,30.4,Combination
26,Female,High,Medium,Low,32.5,23.6,Combination
54,Male,Medium,High,Low,68.3,22.4,Oily
21,Female,Low,High,Low,68.9,21.0,Oily
23,Female,Medium,Medium,Medium,58.7,17.0,Normal
34,Male,Medium,Medium,Medium,58.1,24.3,Normal
22,Male,Low,Low,High,23.5,10.9,Dry
22,Male,High,Medium,Low,52.3,16.8,Normal
24,Male,Low,Low,Medium,41.1,23.1,Combination
34,Female,Medium,Medium,Medium,38.3,23.3,Normal
43,Female,Medium,High,Medium,68.3,24.3,Oily
25,Female,Low,High,Medium,79.1,21.7,Oily
38,Female,Medium,Medium,Low,45.2,15.0,Normal
51,Female,Low,High,Low,52.1,24.8,Oily
55,Female,Low,Low,High,52.4,10.2,Combination
41,Male,Low,High,High,61.6,25.5,Combination
52,Male,High,Medium,Medium,33.2,29.7,Combination
38,Female,Medium,High,Medium,79.3,28.1,Oily
43,Male,Medium,High,Medium,25.9,14.4,Combination
21,Female,High,Medium,Medium,64.3,17.7,Normal
19,Male,High,Medium,High,26.7,16.2,Combination
20,Female,Low,High,Low,50.5,24.0,Oily
38,Female,Low,High,High,39.4,21.9,Combination
57,Male,Low,High,Medium,63.6,21.2,Oily
43,Female,Low,Low,High,37.4,18.9,Dry
23,Male,Low,Low,High,42.6,16.7,Dry
43,Male,High,Medium,Medium,57.0,23.6,Normal
47,Male,Low,Low,High,31.0,17.4,Dry
43,Male,Medium,High,Low,76.6,22.9,Oily
34,Male,Medium,Medium,Medium,61.2,16.2,Normal
43,Female,Low,Low,High,41.9,11.1,Dry
25,Female,Low,Low,High,43.7,13.9,Dry
54,Female,Medium,High,Low,73.6,26.3,Oily
32,Female,Low,Low,High,30.1,10.3,Dry
23,Male,Medium,High,Medium,52.1,23.8,Oily
30,Female,Low,High,Medium,54.2,23.3,Oily
23,Female,Medium,Medium,High,54.1,26.4,Combination
41,Female,Low,Low,High,23.1,13.8,Dry
38,Female,Medium,High,Low,74.2,21.0,Oily
56,Female,Medium,High,Low,74.4,23.8,Oily
31,Male,High,Medium,Medium,35.8,22.0,Normal
41,Male,Low,Low,High,31.1,13.0,Dry
37,Female,Medium,High,Medium,48.9,21.9,Oily
48,Female,High,Medium,Low,46.4,18.2,Normal
29,Female,High,High,Low,39.9,33.3,Combination
30,Male,Low,Low,High,21.8,11.4,Dry
28,Male,Low,High,Medium,74.6,27.7,Oily
19,Female,Low,High,Medium,46.2,29.4,Oily
33,Female,High,High,High,22.3,22.6,Combination
50,Male,Medium,Low,Medium,38.5,11.2,Combination
48,Female,High,Medium,Medium,40.5,21.1,Normal
54,Male,Low,Medium,Medium,72.9,13.6,Combination
45,Female,Medium,Medium,Medium,60.6,18.3,Normal
50,Male,High,Low,Low,49.5,25.5,Combination
30,Female,Low,High,Medium,77.1,22.0,Oily
27,Female,High,Medium,Low,62.8,22.1,Normal
29,Male,Medium,High,Low,20.9,21.4,Combination
41,Male,Low,High,Medium,71.9,23.4,Oily
34,Male,High,Medium,Medium,56.9,16.6,Normal
56,Female,Low,Low,High,28.4,10.7,Dry
56,Female,Medium,Low,Medium,33.8,25.5,Combination
52,Male,Low,High,Low,46.8,26.5,Oily
25,Male,Medium,Medium,Medium,47.8,23.2,Normal
42,Female,Low,Low,High,37.1,17.5,Dry
30,Female,Medium,High,Low,42.6,32.0,Combination
28,Female,Low,Low,High,35.8,16.7,Dry
49,Female,Low,High,Low,73.6,25.0,Oily
52,Male,High,Medium,Medium,56.8,20.4,Normal
28,Female,High,Medium,Low,54.2,18.0,Normal
59,Male,High,Medium,Low,47.6,30.1,Combination
37,Female,Medium,Medium,Medium,39.2,24.3,Normal
49,Male,High,Medium,Low,73.2,22.7,Combination
25,Male,Medium,Medium,Low,49.9,22.5,Normal
47,Female,Medium,Low,Medium,55.3,17.3,Combination
56,Male,Low,High,High,42.9,14.1,Combination
35,Male,Low,Low,High,28.2,17.5,Dry
23,Female,High,Medium,Medium,52.0,22.7,Normal
58,Female,Low,Low,High,28.0,13.0,Dry
34,Female,Medium,Medium,Low,62.7,21.2,Normal
27,Male,Medium,Medium,Medium,63.4,17.3,Normal
59,Male,Medium,Medium,Low,55.9,16.0,Normal
35,Female,Medium,High,Low,49.6,26.8,Oily
36,Male,Medium,Medium,Medium,51.0,23.5,Normal
27,Male,High,Medium,Low,43.8,19.5,Normal
